"zscores","ITEM","CONDITION","EXTRACTION","WH_SITE","id"
0.453837050797326,"1024","filler_ok",NA,NA,8
-0.469221357604015,"1033","filler_bad",NA,NA,8
-0.930750561804685,"21","Extr_whSubj","Extr","whSubj",8
1.37689545919867,"1016","filler_ok",NA,NA,8
1.37689545919867,"6","NoExtr_whObj","NoExtr","whObj",8
-1.39227976600536,"1035","filler_bad",NA,NA,8
1.37689545919867,"1006","filler_good",NA,NA,8
-1.39227976600536,"20","NoExtr_whSubj","NoExtr","whSubj",8
-0.930750561804685,"1032","filler_bad",NA,NA,8
-0.469221357604015,"1019","filler_ok",NA,NA,8
1.37689545919867,"10","NoExtr_whObj","NoExtr","whObj",8
1.37689545919867,"1001","filler_good",NA,NA,8
-0.469221357604015,"9","Extr_whSubj","Extr","whSubj",8
-0.469221357604015,"1017","filler_ok",NA,NA,8
-0.930750561804685,"13","Extr_whSubj","Extr","whSubj",8
0.915366254997996,"1005","filler_good",NA,NA,8
-0.930750561804685,"1022","filler_ok",NA,NA,8
-0.930750561804685,"5","Extr_whSubj","Extr","whSubj",8
1.37689545919867,"1012","filler_ok",NA,NA,8
-1.39227976600536,"1","Extr_whSubj","Extr","whSubj",8
-0.469221357604015,"1021","filler_ok",NA,NA,8
-0.930750561804685,"1013","filler_ok",NA,NA,8
1.37689545919867,"16","NoExtr_whSubj","NoExtr","whSubj",8
0.915366254997996,"1011","filler_ok",NA,NA,8
-1.39227976600536,"1030","filler_bad",NA,NA,8
0.915366254997996,"19","Extr_whObj","Extr","whObj",8
0.915366254997996,"1008","filler_good",NA,NA,8
1.37689545919867,"2","NoExtr_whObj","NoExtr","whObj",8
-0.00769215340334448,"1010","filler_ok",NA,NA,8
-1.39227976600536,"1026","filler_bad",NA,NA,8
0.453837050797326,"4","NoExtr_whSubj","NoExtr","whSubj",8
-0.469221357604015,"1029","filler_bad",NA,NA,8
0.915366254997996,"22","NoExtr_whObj","NoExtr","whObj",8
-0.469221357604015,"1034","filler_bad",NA,NA,8
0.915366254997996,"1003","filler_good",NA,NA,8
-0.930750561804685,"15","Extr_whObj","Extr","whObj",8
-0.469221357604015,"1018","filler_ok",NA,NA,8
-1.39227976600536,"23","Extr_whObj","Extr","whObj",8
-1.39227976600536,"1036","filler_bad",NA,NA,8
1.37689545919867,"1002","filler_good",NA,NA,8
-0.930750561804685,"24","NoExtr_whSubj","NoExtr","whSubj",8
-1.39227976600536,"1020","filler_ok",NA,NA,8
0.453837050797326,"12","NoExtr_whSubj","NoExtr","whSubj",8
0.453837050797326,"1015","filler_ok",NA,NA,8
-0.930750561804685,"1027","filler_bad",NA,NA,8
-0.00769215340334448,"7","Extr_whObj","Extr","whObj",8
0.453837050797326,"1023","filler_ok",NA,NA,8
-0.930750561804685,"17","Extr_whSubj","Extr","whSubj",8
1.37689545919867,"1007","filler_good",NA,NA,8
0.915366254997996,"8","NoExtr_whSubj","NoExtr","whSubj",8
-1.39227976600536,"1028","filler_bad",NA,NA,8
0.453837050797326,"1009","filler_ok",NA,NA,8
0.915366254997996,"18","NoExtr_whObj","NoExtr","whObj",8
-0.930750561804685,"1025","filler_bad",NA,NA,8
1.37689545919867,"14","NoExtr_whObj","NoExtr","whObj",8
0.915366254997996,"1004","filler_good",NA,NA,8
-0.00769215340334448,"1014","filler_ok",NA,NA,8
0.453837050797326,"3","Extr_whObj","Extr","whObj",8
-0.469221357604015,"1031","filler_bad",NA,NA,8
0.453837050797326,"11","Extr_whObj","Extr","whObj",8
-1.83536946718667,"1026","filler_bad",NA,NA,10
-2.54128080072,"20","Extr_whSubj","Extr","whSubj",10
0.988275866946669,"1029","filler_bad",NA,NA,10
-1.83536946718667,"12","Extr_whSubj","Extr","whSubj",10
0.282364533413334,"1022","filler_ok",NA,NA,10
0.282364533413334,"1016","filler_ok",NA,NA,10
0.282364533413334,"13","NoExtr_whObj","NoExtr","whObj",10
0.282364533413334,"1004","filler_good",NA,NA,10
0.988275866946669,"1010","filler_ok",NA,NA,10
0.282364533413334,"14","Extr_whObj","Extr","whObj",10
-0.423546800120001,"1014","filler_ok",NA,NA,10
-1.12945813365334,"11","NoExtr_whSubj","NoExtr","whSubj",10
-1.12945813365334,"1034","filler_bad",NA,NA,10
0.282364533413334,"2","Extr_whObj","Extr","whObj",10
0.988275866946669,"1003","filler_good",NA,NA,10
0.988275866946669,"1023","filler_ok",NA,NA,10
0.282364533413334,"23","NoExtr_whSubj","NoExtr","whSubj",10
-1.83536946718667,"1017","filler_ok",NA,NA,10
0.282364533413334,"8","Extr_whSubj","Extr","whSubj",10
-1.12945813365334,"1025","filler_bad",NA,NA,10
0.988275866946669,"1002","filler_good",NA,NA,10
0.988275866946669,"19","NoExtr_whSubj","NoExtr","whSubj",10
0.282364533413334,"1001","filler_good",NA,NA,10
-0.423546800120001,"1019","filler_ok",NA,NA,10
-0.423546800120001,"21","NoExtr_whObj","NoExtr","whObj",10
-2.54128080072,"1035","filler_bad",NA,NA,10
0.282364533413334,"17","NoExtr_whObj","NoExtr","whObj",10
0.282364533413334,"1018","filler_ok",NA,NA,10
0.282364533413334,"1031","filler_bad",NA,NA,10
0.988275866946669,"1","NoExtr_whObj","NoExtr","whObj",10
-2.54128080072,"1020","filler_ok",NA,NA,10
0.988275866946669,"9","NoExtr_whObj","NoExtr","whObj",10
0.988275866946669,"1012","filler_ok",NA,NA,10
0.988275866946669,"1007","filler_good",NA,NA,10
0.282364533413334,"7","NoExtr_whSubj","NoExtr","whSubj",10
0.988275866946669,"1006","filler_good",NA,NA,10
0.988275866946669,"18","Extr_whObj","Extr","whObj",10
-0.423546800120001,"1027","filler_bad",NA,NA,10
-1.12945813365334,"1028","filler_bad",NA,NA,10
0.282364533413334,"24","Extr_whSubj","Extr","whSubj",10
0.282364533413334,"1015","filler_ok",NA,NA,10
-0.423546800120001,"16","Extr_whSubj","Extr","whSubj",10
0.988275866946669,"1009","filler_ok",NA,NA,10
0.988275866946669,"1005","filler_good",NA,NA,10
0.282364533413334,"22","Extr_whObj","Extr","whObj",10
0.282364533413334,"1021","filler_ok",NA,NA,10
0.282364533413334,"10","Extr_whObj","Extr","whObj",10
0.988275866946669,"1024","filler_ok",NA,NA,10
0.282364533413334,"3","NoExtr_whSubj","NoExtr","whSubj",10
-0.423546800120001,"1033","filler_bad",NA,NA,10
-1.83536946718667,"1036","filler_bad",NA,NA,10
0.988275866946669,"5","NoExtr_whObj","NoExtr","whObj",10
0.282364533413334,"1008","filler_good",NA,NA,10
0.282364533413334,"4","Extr_whSubj","Extr","whSubj",10
0.282364533413334,"1013","filler_ok",NA,NA,10
-0.423546800120001,"1032","filler_bad",NA,NA,10
0.282364533413334,"6","Extr_whObj","Extr","whObj",10
-1.12945813365334,"1030","filler_bad",NA,NA,10
0.282364533413334,"15","NoExtr_whSubj","NoExtr","whSubj",10
0.988275866946669,"1011","filler_ok",NA,NA,10
0.0560145542821447,"1013","filler_ok",NA,NA,6
1.40036385705362,"5","NoExtr_whSubj","NoExtr","whSubj",6
-1.96050939987507,"1030","filler_bad",NA,NA,6
0.728189205667883,"13","NoExtr_whSubj","NoExtr","whSubj",6
0.728189205667883,"1002","filler_good",NA,NA,6
0.728189205667883,"1007","filler_good",NA,NA,6
0.728189205667883,"3","NoExtr_whObj","NoExtr","whObj",6
-1.96050939987507,"1033","filler_bad",NA,NA,6
-1.28833474848933,"1021","filler_ok",NA,NA,6
-1.96050939987507,"6","Extr_whSubj","Extr","whSubj",6
0.0560145542821447,"1036","filler_bad",NA,NA,6
0.728189205667883,"22","Extr_whSubj","Extr","whSubj",6
-0.616160097103594,"1028","filler_bad",NA,NA,6
0.0560145542821447,"8","Extr_whObj","Extr","whObj",6
-1.96050939987507,"1026","filler_bad",NA,NA,6
0.728189205667883,"1008","filler_good",NA,NA,6
-0.616160097103594,"24","Extr_whObj","Extr","whObj",6
-1.96050939987507,"1025","filler_bad",NA,NA,6
0.728189205667883,"19","NoExtr_whObj","NoExtr","whObj",6
0.0560145542821447,"1014","filler_ok",NA,NA,6
0.728189205667883,"1019","filler_ok",NA,NA,6
0.728189205667883,"15","NoExtr_whObj","NoExtr","whObj",6
0.728189205667883,"1024","filler_ok",NA,NA,6
0.728189205667883,"1022","filler_ok",NA,NA,6
0.728189205667883,"1","NoExtr_whSubj","NoExtr","whSubj",6
0.728189205667883,"1003","filler_good",NA,NA,6
-1.96050939987507,"2","Extr_whSubj","Extr","whSubj",6
0.728189205667883,"1009","filler_ok",NA,NA,6
-0.616160097103594,"1011","filler_ok",NA,NA,6
0.728189205667883,"20","Extr_whObj","Extr","whObj",6
0.728189205667883,"1034","filler_bad",NA,NA,6
0.728189205667883,"21","NoExtr_whSubj","NoExtr","whSubj",6
-1.96050939987507,"1032","filler_bad",NA,NA,6
0.728189205667883,"1016","filler_ok",NA,NA,6
0.728189205667883,"16","Extr_whObj","Extr","whObj",6
0.0560145542821447,"1031","filler_bad",NA,NA,6
-0.616160097103594,"12","Extr_whObj","Extr","whObj",6
-0.616160097103594,"1020","filler_ok",NA,NA,6
0.728189205667883,"1015","filler_ok",NA,NA,6
0.0560145542821447,"10","Extr_whSubj","Extr","whSubj",6
0.728189205667883,"1004","filler_good",NA,NA,6
0.728189205667883,"17","NoExtr_whSubj","NoExtr","whSubj",6
-1.28833474848933,"1023","filler_ok",NA,NA,6
0.728189205667883,"1010","filler_ok",NA,NA,6
0.0560145542821447,"4","Extr_whObj","Extr","whObj",6
-1.28833474848933,"1027","filler_bad",NA,NA,6
0.728189205667883,"7","NoExtr_whObj","NoExtr","whObj",6
0.728189205667883,"1012","filler_ok",NA,NA,6
0.728189205667883,"18","Extr_whSubj","Extr","whSubj",6
0.728189205667883,"1006","filler_good",NA,NA,6
0.728189205667883,"1005","filler_good",NA,NA,6
0.728189205667883,"23","NoExtr_whObj","NoExtr","whObj",6
-0.616160097103594,"1017","filler_ok",NA,NA,6
0.728189205667883,"11","NoExtr_whObj","NoExtr","whObj",6
-1.28833474848933,"1018","filler_ok",NA,NA,6
0.728189205667883,"1001","filler_good",NA,NA,6
0.0560145542821447,"14","Extr_whSubj","Extr","whSubj",6
-0.616160097103594,"1029","filler_bad",NA,NA,6
0.728189205667883,"9","NoExtr_whSubj","NoExtr","whSubj",6
-1.96050939987507,"1035","filler_bad",NA,NA,6
0.658850577964446,"1021","filler_ok",NA,NA,1
1.12945813365334,"1012","filler_ok",NA,NA,1
-0.752972089102223,"3","Extr_whObj","Extr","whObj",1
1.12945813365334,"1004","filler_good",NA,NA,1
0.188243022275556,"19","Extr_whObj","Extr","whObj",1
-0.282364533413334,"1013","filler_ok",NA,NA,1
-1.22357964479111,"1032","filler_bad",NA,NA,1
1.12945813365334,"12","NoExtr_whSubj","NoExtr","whSubj",1
-1.69418720048,"1030","filler_bad",NA,NA,1
0.658850577964446,"1006","filler_good",NA,NA,1
-0.752972089102223,"17","Extr_whSubj","Extr","whSubj",1
-1.22357964479111,"1024","filler_ok",NA,NA,1
-0.752972089102223,"20","NoExtr_whSubj","NoExtr","whSubj",1
1.12945813365334,"1002","filler_good",NA,NA,1
0.188243022275556,"13","Extr_whSubj","Extr","whSubj",1
-1.22357964479111,"1016","filler_ok",NA,NA,1
1.12945813365334,"1005","filler_good",NA,NA,1
0.658850577964446,"4","NoExtr_whSubj","NoExtr","whSubj",1
0.188243022275556,"1018","filler_ok",NA,NA,1
1.12945813365334,"14","NoExtr_whObj","NoExtr","whObj",1
-1.69418720048,"1026","filler_bad",NA,NA,1
1.12945813365334,"1007","filler_good",NA,NA,1
0.658850577964446,"24","NoExtr_whSubj","NoExtr","whSubj",1
-1.69418720048,"1027","filler_bad",NA,NA,1
-0.752972089102223,"1031","filler_bad",NA,NA,1
-0.752972089102223,"23","Extr_whObj","Extr","whObj",1
-0.752972089102223,"1017","filler_ok",NA,NA,1
1.12945813365334,"21","Extr_whSubj","Extr","whSubj",1
1.12945813365334,"1001","filler_good",NA,NA,1
-1.69418720048,"1036","filler_bad",NA,NA,1
1.12945813365334,"10","NoExtr_whObj","NoExtr","whObj",1
-1.22357964479111,"1028","filler_bad",NA,NA,1
1.12945813365334,"6","NoExtr_whObj","NoExtr","whObj",1
-1.69418720048,"1035","filler_bad",NA,NA,1
-0.282364533413334,"1010","filler_ok",NA,NA,1
1.12945813365334,"18","NoExtr_whObj","NoExtr","whObj",1
0.658850577964446,"1008","filler_good",NA,NA,1
1.12945813365334,"8","NoExtr_whSubj","NoExtr","whSubj",1
0.658850577964446,"1023","filler_ok",NA,NA,1
-0.282364533413334,"1015","filler_ok",NA,NA,1
1.12945813365334,"22","NoExtr_whObj","NoExtr","whObj",1
-0.752972089102223,"1033","filler_bad",NA,NA,1
0.188243022275556,"11","Extr_whObj","Extr","whObj",1
-1.22357964479111,"1029","filler_bad",NA,NA,1
-0.752972089102223,"1034","filler_bad",NA,NA,1
0.188243022275556,"15","Extr_whObj","Extr","whObj",1
0.188243022275556,"1019","filler_ok",NA,NA,1
0.658850577964446,"5","Extr_whSubj","Extr","whSubj",1
1.12945813365334,"1003","filler_good",NA,NA,1
-0.752972089102223,"1","Extr_whSubj","Extr","whSubj",1
0.658850577964446,"1009","filler_ok",NA,NA,1
-1.22357964479111,"1014","filler_ok",NA,NA,1
1.12945813365334,"16","NoExtr_whSubj","NoExtr","whSubj",1
-1.69418720048,"1025","filler_bad",NA,NA,1
0.188243022275556,"9","Extr_whSubj","Extr","whSubj",1
0.658850577964446,"1011","filler_ok",NA,NA,1
-1.22357964479111,"1020","filler_ok",NA,NA,1
1.12945813365334,"2","NoExtr_whObj","NoExtr","whObj",1
0.188243022275556,"1022","filler_ok",NA,NA,1
-0.282364533413334,"7","Extr_whObj","Extr","whObj",1
0.00842334198458586,"1017","filler_ok",NA,NA,14
0.513823861059739,"21","NoExtr_whObj","NoExtr","whObj",14
1.01922438013489,"1007","filler_good",NA,NA,14
-0.496977177090568,"6","Extr_whObj","Extr","whObj",14
-2.01317873431603,"1028","filler_bad",NA,NA,14
0.513823861059739,"1019","filler_ok",NA,NA,14
-0.496977177090568,"16","Extr_whSubj","Extr","whSubj",14
0.513823861059739,"1015","filler_ok",NA,NA,14
1.01922438013489,"1002","filler_good",NA,NA,14
1.01922438013489,"13","NoExtr_whObj","NoExtr","whObj",14
0.00842334198458586,"1014","filler_ok",NA,NA,14
-1.00237769616572,"4","Extr_whSubj","Extr","whSubj",14
0.513823861059739,"1016","filler_ok",NA,NA,14
1.01922438013489,"9","NoExtr_whObj","NoExtr","whObj",14
1.01922438013489,"1001","filler_good",NA,NA,14
0.513823861059739,"1010","filler_ok",NA,NA,14
0.00842334198458586,"10","Extr_whObj","Extr","whObj",14
0.00842334198458586,"1024","filler_ok",NA,NA,14
0.513823861059739,"11","NoExtr_whSubj","NoExtr","whSubj",14
1.01922438013489,"1011","filler_ok",NA,NA,14
0.513823861059739,"1013","filler_ok",NA,NA,14
-1.00237769616572,"20","Extr_whSubj","Extr","whSubj",14
1.01922438013489,"1012","filler_ok",NA,NA,14
0.513823861059739,"1005","filler_good",NA,NA,14
-2.01317873431603,"12","Extr_whSubj","Extr","whSubj",14
0.513823861059739,"1029","filler_bad",NA,NA,14
-1.50777821524087,"24","Extr_whSubj","Extr","whSubj",14
1.01922438013489,"1004","filler_good",NA,NA,14
0.513823861059739,"1023","filler_ok",NA,NA,14
0.00842334198458586,"23","NoExtr_whSubj","NoExtr","whSubj",14
-0.496977177090568,"1035","filler_bad",NA,NA,14
0.00842334198458586,"8","Extr_whSubj","Extr","whSubj",14
-2.01317873431603,"1036","filler_bad",NA,NA,14
-1.00237769616572,"1033","filler_bad",NA,NA,14
0.00842334198458586,"2","Extr_whObj","Extr","whObj",14
-1.00237769616572,"1027","filler_bad",NA,NA,14
1.01922438013489,"7","NoExtr_whSubj","NoExtr","whSubj",14
0.00842334198458586,"1021","filler_ok",NA,NA,14
-1.50777821524087,"1022","filler_ok",NA,NA,14
0.513823861059739,"1","NoExtr_whObj","NoExtr","whObj",14
-1.00237769616572,"1031","filler_bad",NA,NA,14
-0.496977177090568,"22","Extr_whObj","Extr","whObj",14
-1.50777821524087,"1025","filler_bad",NA,NA,14
0.00842334198458586,"1018","filler_ok",NA,NA,14
1.01922438013489,"18","Extr_whObj","Extr","whObj",14
1.01922438013489,"1003","filler_good",NA,NA,14
1.01922438013489,"15","NoExtr_whSubj","NoExtr","whSubj",14
-1.00237769616572,"1032","filler_bad",NA,NA,14
1.01922438013489,"5","NoExtr_whObj","NoExtr","whObj",14
1.01922438013489,"1008","filler_good",NA,NA,14
-2.01317873431603,"1020","filler_ok",NA,NA,14
0.513823861059739,"19","NoExtr_whSubj","NoExtr","whSubj",14
0.513823861059739,"1006","filler_good",NA,NA,14
0.513823861059739,"14","Extr_whObj","Extr","whObj",14
-2.01317873431603,"1030","filler_bad",NA,NA,14
-2.01317873431603,"1026","filler_bad",NA,NA,14
0.513823861059739,"3","NoExtr_whSubj","NoExtr","whSubj",14
0.513823861059739,"1034","filler_bad",NA,NA,14
1.01922438013489,"17","NoExtr_whObj","NoExtr","whObj",14
1.01922438013489,"1009","filler_ok",NA,NA,14
-0.251001751743084,"1032","filler_bad",NA,NA,2
0.351402452440317,"1034","filler_bad",NA,NA,2
-1.45581016010989,"16","Extr_whObj","Extr","whObj",2
0.351402452440317,"1029","filler_bad",NA,NA,2
-0.853405955926485,"2","Extr_whSubj","Extr","whSubj",2
0.953806656623719,"1023","filler_ok",NA,NA,2
-2.05821436429329,"1036","filler_bad",NA,NA,2
-2.66061856847669,"22","Extr_whSubj","Extr","whSubj",2
0.351402452440317,"1009","filler_ok",NA,NA,2
0.953806656623719,"1011","filler_ok",NA,NA,2
-0.853405955926485,"20","Extr_whObj","Extr","whObj",2
0.351402452440317,"1013","filler_ok",NA,NA,2
0.953806656623719,"17","NoExtr_whSubj","NoExtr","whSubj",2
0.953806656623719,"1002","filler_good",NA,NA,2
-0.853405955926485,"6","Extr_whSubj","Extr","whSubj",2
-2.05821436429329,"1030","filler_bad",NA,NA,2
0.351402452440317,"1033","filler_bad",NA,NA,2
0.351402452440317,"5","NoExtr_whSubj","NoExtr","whSubj",2
0.351402452440317,"1017","filler_ok",NA,NA,2
0.953806656623719,"9","NoExtr_whSubj","NoExtr","whSubj",2
-0.853405955926485,"1027","filler_bad",NA,NA,2
0.953806656623719,"1007","filler_good",NA,NA,2
0.953806656623719,"11","NoExtr_whObj","NoExtr","whObj",2
-0.251001751743084,"1018","filler_ok",NA,NA,2
-2.05821436429329,"1022","filler_ok",NA,NA,2
0.351402452440317,"12","Extr_whObj","Extr","whObj",2
-2.05821436429329,"1020","filler_ok",NA,NA,2
0.953806656623719,"21","NoExtr_whSubj","NoExtr","whSubj",2
0.351402452440317,"1016","filler_ok",NA,NA,2
-2.05821436429329,"1035","filler_bad",NA,NA,2
0.953806656623719,"15","NoExtr_whObj","NoExtr","whObj",2
0.953806656623719,"1015","filler_ok",NA,NA,2
-0.251001751743084,"14","Extr_whSubj","Extr","whSubj",2
0.351402452440317,"1019","filler_ok",NA,NA,2
0.953806656623719,"1012","filler_ok",NA,NA,2
0.351402452440317,"3","NoExtr_whObj","NoExtr","whObj",2
-0.853405955926485,"1028","filler_bad",NA,NA,2
-0.853405955926485,"24","Extr_whObj","Extr","whObj",2
0.351402452440317,"1005","filler_good",NA,NA,2
0.953806656623719,"1004","filler_good",NA,NA,2
0.351402452440317,"13","NoExtr_whSubj","NoExtr","whSubj",2
0.351402452440317,"1010","filler_ok",NA,NA,2
0.351402452440317,"4","Extr_whObj","Extr","whObj",2
0.953806656623719,"1003","filler_good",NA,NA,2
0.351402452440317,"1024","filler_ok",NA,NA,2
-0.251001751743084,"18","Extr_whSubj","Extr","whSubj",2
-1.45581016010989,"1025","filler_bad",NA,NA,2
0.351402452440317,"10","Extr_whSubj","Extr","whSubj",2
0.351402452440317,"1021","filler_ok",NA,NA,2
0.351402452440317,"1","NoExtr_whSubj","NoExtr","whSubj",2
-2.05821436429329,"1026","filler_bad",NA,NA,2
0.953806656623719,"1008","filler_good",NA,NA,2
0.953806656623719,"19","NoExtr_whObj","NoExtr","whObj",2
0.351402452440317,"1031","filler_bad",NA,NA,2
0.351402452440317,"23","NoExtr_whObj","NoExtr","whObj",2
0.953806656623719,"1006","filler_good",NA,NA,2
0.351402452440317,"1001","filler_good",NA,NA,2
0.351402452440317,"7","NoExtr_whObj","NoExtr","whObj",2
0.351402452440317,"1014","filler_ok",NA,NA,2
0.351402452440317,"8","Extr_whObj","Extr","whObj",2
-1.25791741961269,"1025","filler_bad",NA,NA,4
0.760131916664356,"1029","filler_bad",NA,NA,4
-1.6615272868681,"3","Extr_whSubj","Extr","whSubj",4
-1.25791741961269,"1031","filler_bad",NA,NA,4
0.356522049408946,"6","NoExtr_whSubj","NoExtr","whSubj",4
-1.25791741961269,"1032","filler_bad",NA,NA,4
-1.25791741961269,"1028","filler_bad",NA,NA,4
-1.6615272868681,"19","Extr_whSubj","Extr","whSubj",4
-1.6615272868681,"1022","filler_ok",NA,NA,4
0.356522049408946,"1017","filler_ok",NA,NA,4
0.760131916664356,"5","Extr_whObj","Extr","whObj",4
0.760131916664356,"1024","filler_ok",NA,NA,4
-1.25791741961269,"11","Extr_whSubj","Extr","whSubj",4
0.760131916664356,"1023","filler_ok",NA,NA,4
0.760131916664356,"20","NoExtr_whObj","NoExtr","whObj",4
-1.25791741961269,"1033","filler_bad",NA,NA,4
0.760131916664356,"1007","filler_good",NA,NA,4
-0.854307552357285,"13","Extr_whObj","Extr","whObj",4
-1.6615272868681,"1020","filler_ok",NA,NA,4
0.760131916664356,"21","Extr_whObj","Extr","whObj",4
0.760131916664356,"1006","filler_good",NA,NA,4
0.760131916664356,"1001","filler_good",NA,NA,4
0.760131916664356,"14","NoExtr_whSubj","NoExtr","whSubj",4
0.760131916664356,"1003","filler_good",NA,NA,4
-1.6615272868681,"1026","filler_bad",NA,NA,4
0.760131916664356,"4","NoExtr_whObj","NoExtr","whObj",4
0.760131916664356,"1018","filler_ok",NA,NA,4
-1.6615272868681,"23","Extr_whSubj","Extr","whSubj",4
0.760131916664356,"1002","filler_good",NA,NA,4
0.356522049408946,"1016","filler_ok",NA,NA,4
0.760131916664356,"22","NoExtr_whSubj","NoExtr","whSubj",4
0.760131916664356,"1010","filler_ok",NA,NA,4
0.760131916664356,"16","NoExtr_whObj","NoExtr","whObj",4
0.760131916664356,"1012","filler_ok",NA,NA,4
0.356522049408946,"1034","filler_bad",NA,NA,4
-1.6615272868681,"15","Extr_whSubj","Extr","whSubj",4
0.760131916664356,"1004","filler_good",NA,NA,4
0.760131916664356,"12","NoExtr_whObj","NoExtr","whObj",4
-0.0470878178464643,"1021","filler_ok",NA,NA,4
-0.0470878178464643,"1019","filler_ok",NA,NA,4
0.760131916664356,"24","NoExtr_whObj","NoExtr","whObj",4
0.760131916664356,"1005","filler_good",NA,NA,4
0.760131916664356,"8","NoExtr_whObj","NoExtr","whObj",4
0.760131916664356,"1008","filler_good",NA,NA,4
0.760131916664356,"1015","filler_ok",NA,NA,4
0.760131916664356,"2","NoExtr_whSubj","NoExtr","whSubj",4
0.760131916664356,"1011","filler_ok",NA,NA,4
0.356522049408946,"9","Extr_whObj","Extr","whObj",4
-1.6615272868681,"1035","filler_bad",NA,NA,4
-0.450697685101874,"7","Extr_whSubj","Extr","whSubj",4
0.760131916664356,"1013","filler_ok",NA,NA,4
0.760131916664356,"1009","filler_ok",NA,NA,4
0.356522049408946,"1","Extr_whObj","Extr","whObj",4
-1.6615272868681,"1036","filler_bad",NA,NA,4
0.760131916664356,"18","NoExtr_whSubj","NoExtr","whSubj",4
-1.25791741961269,"1027","filler_bad",NA,NA,4
0.356522049408946,"1014","filler_ok",NA,NA,4
0.760131916664356,"17","Extr_whObj","Extr","whObj",4
-1.6615272868681,"1030","filler_bad",NA,NA,4
0.760131916664356,"10","NoExtr_whSubj","NoExtr","whSubj",4
0.626729351313055,"1031","filler_bad",NA,NA,13
0.626729351313055,"7","NoExtr_whObj","NoExtr","whObj",13
-2.69124956740312,"1025","filler_bad",NA,NA,13
0.626729351313055,"1","NoExtr_whSubj","NoExtr","whSubj",13
-2.13825308095042,"1028","filler_bad",NA,NA,13
0.626729351313055,"1002","filler_good",NA,NA,13
0.626729351313055,"16","Extr_whObj","Extr","whObj",13
-1.03226010804503,"1035","filler_bad",NA,NA,13
0.626729351313055,"1005","filler_good",NA,NA,13
0.626729351313055,"21","NoExtr_whSubj","NoExtr","whSubj",13
0.626729351313055,"1010","filler_ok",NA,NA,13
0.626729351313055,"2","Extr_whSubj","Extr","whSubj",13
0.626729351313055,"1012","filler_ok",NA,NA,13
-1.03226010804503,"22","Extr_whSubj","Extr","whSubj",13
0.626729351313055,"1009","filler_ok",NA,NA,13
0.626729351313055,"1018","filler_ok",NA,NA,13
0.626729351313055,"20","Extr_whObj","Extr","whObj",13
-1.03226010804503,"1027","filler_bad",NA,NA,13
-1.58525659449773,"8","Extr_whObj","Extr","whObj",13
0.626729351313055,"1006","filler_good",NA,NA,13
0.626729351313055,"1007","filler_good",NA,NA,13
0.626729351313055,"13","NoExtr_whSubj","NoExtr","whSubj",13
0.626729351313055,"1034","filler_bad",NA,NA,13
-2.69124956740312,"1026","filler_bad",NA,NA,13
0.626729351313055,"5","NoExtr_whSubj","NoExtr","whSubj",13
0.626729351313055,"1029","filler_bad",NA,NA,13
0.626729351313055,"6","Extr_whSubj","Extr","whSubj",13
-1.58525659449773,"1030","filler_bad",NA,NA,13
-1.03226010804503,"1011","filler_ok",NA,NA,13
0.626729351313055,"18","Extr_whSubj","Extr","whSubj",13
0.626729351313055,"1024","filler_ok",NA,NA,13
0.626729351313055,"11","NoExtr_whObj","NoExtr","whObj",13
-1.03226010804503,"1019","filler_ok",NA,NA,13
-1.03226010804503,"1033","filler_bad",NA,NA,13
0.626729351313055,"4","Extr_whObj","Extr","whObj",13
-1.03226010804503,"1032","filler_bad",NA,NA,13
0.626729351313055,"10","Extr_whSubj","Extr","whSubj",13
0.626729351313055,"1015","filler_ok",NA,NA,13
-1.03226010804503,"1022","filler_ok",NA,NA,13
0.626729351313055,"9","NoExtr_whSubj","NoExtr","whSubj",13
0.626729351313055,"1013","filler_ok",NA,NA,13
0.626729351313055,"14","Extr_whSubj","Extr","whSubj",13
0.626729351313055,"1020","filler_ok",NA,NA,13
-2.69124956740312,"1036","filler_bad",NA,NA,13
-1.03226010804503,"24","Extr_whObj","Extr","whObj",13
0.626729351313055,"1014","filler_ok",NA,NA,13
-1.03226010804503,"12","Extr_whObj","Extr","whObj",13
0.626729351313055,"1008","filler_good",NA,NA,13
0.626729351313055,"3","NoExtr_whObj","NoExtr","whObj",13
-0.479263621592335,"1023","filler_ok",NA,NA,13
0.626729351313055,"1004","filler_good",NA,NA,13
0.626729351313055,"23","NoExtr_whObj","NoExtr","whObj",13
0.0737328648603596,"1021","filler_ok",NA,NA,13
0.626729351313055,"17","NoExtr_whSubj","NoExtr","whSubj",13
0.0737328648603596,"1016","filler_ok",NA,NA,13
-1.03226010804503,"1017","filler_ok",NA,NA,13
0.626729351313055,"15","NoExtr_whObj","NoExtr","whObj",13
0.626729351313055,"1001","filler_good",NA,NA,13
0.626729351313055,"19","NoExtr_whObj","NoExtr","whObj",13
0.626729351313055,"1003","filler_good",NA,NA,13
0.495027188929245,"1001","filler_good",NA,NA,3
-0.0353590849235174,"1008","filler_good",NA,NA,3
-0.56574535877628,"10","Extr_whObj","Extr","whObj",3
-0.56574535877628,"1021","filler_ok",NA,NA,3
0.495027188929245,"11","NoExtr_whSubj","NoExtr","whSubj",3
1.02541346278201,"1005","filler_good",NA,NA,3
-1.62651790648181,"1035","filler_bad",NA,NA,3
-1.62651790648181,"24","Extr_whSubj","Extr","whSubj",3
-0.56574535877628,"1013","filler_ok",NA,NA,3
1.02541346278201,"1011","filler_ok",NA,NA,3
1.02541346278201,"1","NoExtr_whObj","NoExtr","whObj",3
1.02541346278201,"1007","filler_good",NA,NA,3
0.495027188929245,"3","NoExtr_whSubj","NoExtr","whSubj",3
-1.62651790648181,"1028","filler_bad",NA,NA,3
1.02541346278201,"9","NoExtr_whObj","NoExtr","whObj",3
0.495027188929245,"1029","filler_bad",NA,NA,3
1.02541346278201,"1015","filler_ok",NA,NA,3
-1.09613163262904,"16","Extr_whSubj","Extr","whSubj",3
-0.0353590849235174,"1019","filler_ok",NA,NA,3
1.02541346278201,"17","NoExtr_whObj","NoExtr","whObj",3
-1.09613163262904,"1030","filler_bad",NA,NA,3
1.02541346278201,"1003","filler_good",NA,NA,3
1.02541346278201,"15","NoExtr_whSubj","NoExtr","whSubj",3
-1.09613163262904,"1022","filler_ok",NA,NA,3
1.02541346278201,"1023","filler_ok",NA,NA,3
0.495027188929245,"20","Extr_whSubj","Extr","whSubj",3
-1.62651790648181,"1036","filler_bad",NA,NA,3
-0.56574535877628,"2","Extr_whObj","Extr","whObj",3
1.02541346278201,"1006","filler_good",NA,NA,3
1.02541346278201,"1009","filler_ok",NA,NA,3
1.02541346278201,"19","NoExtr_whSubj","NoExtr","whSubj",3
-1.09613163262904,"1018","filler_ok",NA,NA,3
-0.0353590849235174,"18","Extr_whObj","Extr","whObj",3
-1.09613163262904,"1027","filler_bad",NA,NA,3
-1.09613163262904,"1031","filler_bad",NA,NA,3
1.02541346278201,"22","Extr_whObj","Extr","whObj",3
0.495027188929245,"1016","filler_ok",NA,NA,3
1.02541346278201,"23","NoExtr_whSubj","NoExtr","whSubj",3
1.02541346278201,"1002","filler_good",NA,NA,3
-1.09613163262904,"1034","filler_bad",NA,NA,3
-0.56574535877628,"12","Extr_whSubj","Extr","whSubj",3
-1.62651790648181,"1020","filler_ok",NA,NA,3
1.02541346278201,"5","NoExtr_whObj","NoExtr","whObj",3
-0.0353590849235174,"1014","filler_ok",NA,NA,3
-0.56574535877628,"1033","filler_bad",NA,NA,3
0.495027188929245,"14","Extr_whObj","Extr","whObj",3
-2.15690418033457,"1025","filler_bad",NA,NA,3
1.02541346278201,"7","NoExtr_whSubj","NoExtr","whSubj",3
-2.15690418033457,"1026","filler_bad",NA,NA,3
-0.56574535877628,"6","Extr_whObj","Extr","whObj",3
1.02541346278201,"1012","filler_ok",NA,NA,3
0.495027188929245,"1010","filler_ok",NA,NA,3
1.02541346278201,"21","NoExtr_whObj","NoExtr","whObj",3
-0.0353590849235174,"1024","filler_ok",NA,NA,3
0.495027188929245,"13","NoExtr_whObj","NoExtr","whObj",3
-1.09613163262904,"1017","filler_ok",NA,NA,3
1.02541346278201,"1004","filler_good",NA,NA,3
-0.0353590849235174,"8","Extr_whSubj","Extr","whSubj",3
-0.56574535877628,"1032","filler_bad",NA,NA,3
-0.0353590849235174,"4","Extr_whSubj","Extr","whSubj",3
-0.805112587174555,"1032","filler_bad",NA,NA,5
-2.53035384540575,"11","Extr_whSubj","Extr","whSubj",5
0.345048251646238,"1033","filler_bad",NA,NA,5
-0.230032167764159,"23","Extr_whSubj","Extr","whSubj",5
0.920128671056634,"1023","filler_ok",NA,NA,5
0.920128671056634,"1014","filler_ok",NA,NA,5
0.920128671056634,"10","NoExtr_whSubj","NoExtr","whSubj",5
-0.805112587174555,"1026","filler_bad",NA,NA,5
0.920128671056634,"1012","filler_ok",NA,NA,5
0.345048251646238,"20","NoExtr_whObj","NoExtr","whObj",5
0.920128671056634,"1003","filler_good",NA,NA,5
0.920128671056634,"2","NoExtr_whSubj","NoExtr","whSubj",5
0.920128671056634,"1006","filler_good",NA,NA,5
-0.230032167764159,"5","Extr_whObj","Extr","whObj",5
0.345048251646238,"1008","filler_good",NA,NA,5
0.345048251646238,"1031","filler_bad",NA,NA,5
0.920128671056634,"12","NoExtr_whObj","NoExtr","whObj",5
-0.230032167764159,"1035","filler_bad",NA,NA,5
0.920128671056634,"1","Extr_whObj","Extr","whObj",5
0.920128671056634,"1009","filler_ok",NA,NA,5
0.920128671056634,"1017","filler_ok",NA,NA,5
0.345048251646238,"9","Extr_whObj","Extr","whObj",5
0.920128671056634,"1011","filler_ok",NA,NA,5
-1.95527342599535,"1020","filler_ok",NA,NA,5
0.920128671056634,"16","NoExtr_whObj","NoExtr","whObj",5
-2.53035384540575,"1028","filler_bad",NA,NA,5
0.920128671056634,"6","NoExtr_whSubj","NoExtr","whSubj",5
0.345048251646238,"1005","filler_good",NA,NA,5
0.345048251646238,"1019","filler_ok",NA,NA,5
0.920128671056634,"4","NoExtr_whObj","NoExtr","whObj",5
0.345048251646238,"1016","filler_ok",NA,NA,5
0.920128671056634,"22","NoExtr_whSubj","NoExtr","whSubj",5
0.920128671056634,"1002","filler_good",NA,NA,5
0.920128671056634,"1021","filler_ok",NA,NA,5
0.345048251646238,"24","NoExtr_whObj","NoExtr","whObj",5
0.345048251646238,"1018","filler_ok",NA,NA,5
-0.230032167764159,"21","Extr_whObj","Extr","whObj",5
-0.230032167764159,"1013","filler_ok",NA,NA,5
-0.805112587174555,"1036","filler_bad",NA,NA,5
0.345048251646238,"7","Extr_whSubj","Extr","whSubj",5
-0.230032167764159,"1010","filler_ok",NA,NA,5
0.920128671056634,"8","NoExtr_whObj","NoExtr","whObj",5
0.345048251646238,"1004","filler_good",NA,NA,5
-1.95527342599535,"1027","filler_bad",NA,NA,5
0.920128671056634,"14","NoExtr_whSubj","NoExtr","whSubj",5
0.345048251646238,"1015","filler_ok",NA,NA,5
-0.230032167764159,"13","Extr_whObj","Extr","whObj",5
-0.805112587174555,"1024","filler_ok",NA,NA,5
-0.805112587174555,"17","Extr_whObj","Extr","whObj",5
-0.805112587174555,"1025","filler_bad",NA,NA,5
0.920128671056634,"1007","filler_good",NA,NA,5
-1.38019300658495,"3","Extr_whSubj","Extr","whSubj",5
-0.805112587174555,"1034","filler_bad",NA,NA,5
-0.805112587174555,"19","Extr_whSubj","Extr","whSubj",5
-0.805112587174555,"1001","filler_good",NA,NA,5
-2.53035384540575,"1022","filler_ok",NA,NA,5
0.920128671056634,"18","NoExtr_whSubj","NoExtr","whSubj",5
-1.38019300658495,"1030","filler_bad",NA,NA,5
-0.230032167764159,"15","Extr_whSubj","Extr","whSubj",5
-1.38019300658495,"1029","filler_bad",NA,NA,5
-2.81988702265052,"1035","filler_bad",NA,NA,11
0.0972374835396734,"1018","filler_ok",NA,NA,11
0.826518610087222,"13","NoExtr_whSubj","NoExtr","whSubj",11
-2.09060589610297,"1027","filler_bad",NA,NA,11
0.826518610087222,"3","NoExtr_whObj","NoExtr","whObj",11
0.826518610087222,"1007","filler_good",NA,NA,11
-1.36132476955542,"1036","filler_bad",NA,NA,11
0.0972374835396734,"10","Extr_whSubj","Extr","whSubj",11
0.826518610087222,"1024","filler_ok",NA,NA,11
-2.09060589610297,"1020","filler_ok",NA,NA,11
0.826518610087222,"4","Extr_whObj","Extr","whObj",11
0.0972374835396734,"1006","filler_good",NA,NA,11
0.826518610087222,"6","Extr_whSubj","Extr","whSubj",11
0.0972374835396734,"1014","filler_ok",NA,NA,11
0.0972374835396734,"22","Extr_whSubj","Extr","whSubj",11
0.826518610087222,"1012","filler_ok",NA,NA,11
0.826518610087222,"1009","filler_ok",NA,NA,11
0.0972374835396734,"18","Extr_whSubj","Extr","whSubj",11
0.0972374835396734,"1019","filler_ok",NA,NA,11
0.826518610087222,"14","Extr_whSubj","Extr","whSubj",11
-0.632043643007875,"1032","filler_bad",NA,NA,11
-2.09060589610297,"1026","filler_bad",NA,NA,11
0.826518610087222,"8","Extr_whObj","Extr","whObj",11
-2.09060589610297,"1022","filler_ok",NA,NA,11
-1.36132476955542,"1028","filler_bad",NA,NA,11
0.826518610087222,"1","NoExtr_whSubj","NoExtr","whSubj",11
-0.632043643007875,"1016","filler_ok",NA,NA,11
0.826518610087222,"15","NoExtr_whObj","NoExtr","whObj",11
-0.632043643007875,"1030","filler_bad",NA,NA,11
0.826518610087222,"1023","filler_ok",NA,NA,11
0.0972374835396734,"2","Extr_whSubj","Extr","whSubj",11
0.826518610087222,"1034","filler_bad",NA,NA,11
0.826518610087222,"23","NoExtr_whObj","NoExtr","whObj",11
-0.632043643007875,"1025","filler_bad",NA,NA,11
0.826518610087222,"1005","filler_good",NA,NA,11
0.826518610087222,"9","NoExtr_whSubj","NoExtr","whSubj",11
-0.632043643007875,"1017","filler_ok",NA,NA,11
-2.09060589610297,"24","Extr_whObj","Extr","whObj",11
0.0972374835396734,"1015","filler_ok",NA,NA,11
0.826518610087222,"1011","filler_ok",NA,NA,11
0.0972374835396734,"12","Extr_whObj","Extr","whObj",11
0.826518610087222,"1010","filler_ok",NA,NA,11
0.826518610087222,"11","NoExtr_whObj","NoExtr","whObj",11
-1.36132476955542,"1033","filler_bad",NA,NA,11
0.0972374835396734,"1031","filler_bad",NA,NA,11
0.826518610087222,"7","NoExtr_whObj","NoExtr","whObj",11
0.0972374835396734,"1029","filler_bad",NA,NA,11
-0.632043643007875,"16","Extr_whObj","Extr","whObj",11
-0.632043643007875,"1013","filler_ok",NA,NA,11
0.0972374835396734,"17","NoExtr_whSubj","NoExtr","whSubj",11
0.826518610087222,"1001","filler_good",NA,NA,11
0.826518610087222,"1002","filler_good",NA,NA,11
0.0972374835396734,"21","NoExtr_whSubj","NoExtr","whSubj",11
0.826518610087222,"1004","filler_good",NA,NA,11
-1.36132476955542,"20","Extr_whObj","Extr","whObj",11
0.826518610087222,"1003","filler_good",NA,NA,11
-0.632043643007875,"1021","filler_ok",NA,NA,11
0.826518610087222,"5","NoExtr_whSubj","NoExtr","whSubj",11
0.0972374835396734,"1008","filler_good",NA,NA,11
0.826518610087222,"19","NoExtr_whObj","NoExtr","whObj",11
-2.44031559166348,"1026","filler_bad",NA,NA,12
0.271146176851498,"2","NoExtr_whSubj","NoExtr","whSubj",12
0.949011618980243,"1015","filler_ok",NA,NA,12
0.949011618980243,"24","NoExtr_whObj","NoExtr","whObj",12
0.949011618980243,"1007","filler_good",NA,NA,12
0.271146176851498,"1013","filler_ok",NA,NA,12
-1.08458470740599,"15","Extr_whSubj","Extr","whSubj",12
-0.406719265277247,"1030","filler_bad",NA,NA,12
0.949011618980243,"1001","filler_good",NA,NA,12
-1.08458470740599,"11","Extr_whSubj","Extr","whSubj",12
0.949011618980243,"1006","filler_good",NA,NA,12
0.271146176851498,"13","Extr_whObj","Extr","whObj",12
-1.08458470740599,"1017","filler_ok",NA,NA,12
-1.08458470740599,"3","Extr_whSubj","Extr","whSubj",12
0.949011618980243,"1011","filler_ok",NA,NA,12
0.949011618980243,"1023","filler_ok",NA,NA,12
-0.406719265277247,"5","Extr_whObj","Extr","whObj",12
0.271146176851498,"1024","filler_ok",NA,NA,12
0.949011618980243,"12","NoExtr_whObj","NoExtr","whObj",12
0.271146176851498,"1032","filler_bad",NA,NA,12
0.949011618980243,"1004","filler_good",NA,NA,12
-0.406719265277247,"21","Extr_whObj","Extr","whObj",12
0.271146176851498,"1019","filler_ok",NA,NA,12
-1.08458470740599,"1018","filler_ok",NA,NA,12
0.949011618980243,"22","NoExtr_whSubj","NoExtr","whSubj",12
0.271146176851498,"1014","filler_ok",NA,NA,12
0.949011618980243,"20","NoExtr_whObj","NoExtr","whObj",12
-1.08458470740599,"1028","filler_bad",NA,NA,12
-0.406719265277247,"1005","filler_good",NA,NA,12
0.949011618980243,"14","NoExtr_whSubj","NoExtr","whSubj",12
-1.08458470740599,"1031","filler_bad",NA,NA,12
0.271146176851498,"9","Extr_whObj","Extr","whObj",12
0.949011618980243,"1003","filler_good",NA,NA,12
-1.76245014953474,"1009","filler_ok",NA,NA,12
0.949011618980243,"18","NoExtr_whSubj","NoExtr","whSubj",12
0.271146176851498,"1008","filler_good",NA,NA,12
-2.44031559166348,"23","Extr_whSubj","Extr","whSubj",12
0.949011618980243,"1002","filler_good",NA,NA,12
0.271146176851498,"1010","filler_ok",NA,NA,12
-1.76245014953474,"7","Extr_whSubj","Extr","whSubj",12
0.271146176851498,"1034","filler_bad",NA,NA,12
0.949011618980243,"8","NoExtr_whObj","NoExtr","whObj",12
0.949011618980243,"1012","filler_ok",NA,NA,12
-1.08458470740599,"1035","filler_bad",NA,NA,12
-1.08458470740599,"19","Extr_whSubj","Extr","whSubj",12
0.271146176851498,"1016","filler_ok",NA,NA,12
0.949011618980243,"10","NoExtr_whSubj","NoExtr","whSubj",12
-1.76245014953474,"1022","filler_ok",NA,NA,12
0.949011618980243,"16","NoExtr_whObj","NoExtr","whObj",12
-1.08458470740599,"1025","filler_bad",NA,NA,12
-1.08458470740599,"1036","filler_bad",NA,NA,12
0.949011618980243,"6","NoExtr_whSubj","NoExtr","whSubj",12
-1.08458470740599,"1027","filler_bad",NA,NA,12
0.949011618980243,"1","Extr_whObj","Extr","whObj",12
0.271146176851498,"1033","filler_bad",NA,NA,12
0.271146176851498,"1029","filler_bad",NA,NA,12
0.949011618980243,"4","NoExtr_whObj","NoExtr","whObj",12
-1.08458470740599,"1020","filler_ok",NA,NA,12
0.271146176851498,"17","Extr_whObj","Extr","whObj",12
0.949011618980243,"1021","filler_ok",NA,NA,12
0.226258830917889,"1023","filler_ok",NA,NA,16
-0.905035323671554,"1020","filler_ok",NA,NA,16
1.35755298550733,"5","Extr_whObj","Extr","whObj",16
0.226258830917889,"1008","filler_good",NA,NA,16
0.226258830917889,"8","NoExtr_whObj","NoExtr","whObj",16
-0.905035323671554,"1033","filler_bad",NA,NA,16
-2.036329478261,"1030","filler_bad",NA,NA,16
0.226258830917889,"1","Extr_whObj","Extr","whObj",16
0.79190590821261,"1001","filler_good",NA,NA,16
0.226258830917889,"1012","filler_ok",NA,NA,16
0.79190590821261,"20","NoExtr_whObj","NoExtr","whObj",16
0.79190590821261,"1016","filler_ok",NA,NA,16
0.79190590821261,"12","NoExtr_whObj","NoExtr","whObj",16
-0.339388246376833,"1029","filler_bad",NA,NA,16
-2.036329478261,"23","Extr_whSubj","Extr","whSubj",16
1.35755298550733,"1011","filler_ok",NA,NA,16
-0.905035323671554,"1021","filler_ok",NA,NA,16
0.226258830917889,"21","Extr_whObj","Extr","whObj",16
0.226258830917889,"1006","filler_good",NA,NA,16
0.226258830917889,"14","NoExtr_whSubj","NoExtr","whSubj",16
0.79190590821261,"1003","filler_good",NA,NA,16
0.79190590821261,"1010","filler_ok",NA,NA,16
0.79190590821261,"24","NoExtr_whObj","NoExtr","whObj",16
-2.036329478261,"1019","filler_ok",NA,NA,16
-2.036329478261,"1035","filler_bad",NA,NA,16
0.226258830917889,"18","NoExtr_whSubj","NoExtr","whSubj",16
-0.905035323671554,"1018","filler_ok",NA,NA,16
-1.47068240096628,"11","Extr_whSubj","Extr","whSubj",16
0.226258830917889,"1004","filler_good",NA,NA,16
1.35755298550733,"1007","filler_good",NA,NA,16
1.35755298550733,"6","NoExtr_whSubj","NoExtr","whSubj",16
-2.036329478261,"1028","filler_bad",NA,NA,16
1.35755298550733,"22","NoExtr_whSubj","NoExtr","whSubj",16
0.79190590821261,"1002","filler_good",NA,NA,16
-0.905035323671554,"1026","filler_bad",NA,NA,16
0.79190590821261,"9","Extr_whObj","Extr","whObj",16
1.35755298550733,"1009","filler_ok",NA,NA,16
0.79190590821261,"15","Extr_whSubj","Extr","whSubj",16
-0.905035323671554,"1022","filler_ok",NA,NA,16
-0.339388246376833,"1032","filler_bad",NA,NA,16
0.226258830917889,"2","NoExtr_whSubj","NoExtr","whSubj",16
0.79190590821261,"1015","filler_ok",NA,NA,16
0.79190590821261,"10","NoExtr_whSubj","NoExtr","whSubj",16
-1.47068240096628,"1024","filler_ok",NA,NA,16
1.35755298550733,"1005","filler_good",NA,NA,16
1.35755298550733,"17","Extr_whObj","Extr","whObj",16
-0.905035323671554,"1031","filler_bad",NA,NA,16
0.79190590821261,"16","NoExtr_whObj","NoExtr","whObj",16
0.226258830917889,"1027","filler_bad",NA,NA,16
-0.905035323671554,"7","Extr_whSubj","Extr","whSubj",16
-0.339388246376833,"1017","filler_ok",NA,NA,16
-0.905035323671554,"1025","filler_bad",NA,NA,16
0.79190590821261,"13","Extr_whObj","Extr","whObj",16
-0.905035323671554,"1036","filler_bad",NA,NA,16
0.226258830917889,"4","NoExtr_whObj","NoExtr","whObj",16
-0.339388246376833,"1013","filler_ok",NA,NA,16
-0.339388246376833,"1034","filler_bad",NA,NA,16
0.226258830917889,"3","Extr_whSubj","Extr","whSubj",16
-0.905035323671554,"1014","filler_ok",NA,NA,16
-0.339388246376833,"19","Extr_whSubj","Extr","whSubj",16
0.424913332827731,"1033","filler_bad",NA,NA,20
1.00434060486555,"1008","filler_good",NA,NA,20
0.424913332827731,"15","NoExtr_whSubj","NoExtr","whSubj",20
-2.47222302736134,"1028","filler_bad",NA,NA,20
0.424913332827731,"13","NoExtr_whObj","NoExtr","whObj",20
-1.89279575532353,"1031","filler_bad",NA,NA,20
-1.89279575532353,"1035","filler_bad",NA,NA,20
-0.154513939210084,"20","Extr_whSubj","Extr","whSubj",20
-0.733941211247898,"1032","filler_bad",NA,NA,20
0.424913332827731,"1018","filler_ok",NA,NA,20
0.424913332827731,"12","Extr_whSubj","Extr","whSubj",20
-1.89279575532353,"1036","filler_bad",NA,NA,20
0.424913332827731,"7","NoExtr_whSubj","NoExtr","whSubj",20
0.424913332827731,"1012","filler_ok",NA,NA,20
-1.89279575532353,"24","Extr_whSubj","Extr","whSubj",20
0.424913332827731,"1021","filler_ok",NA,NA,20
0.424913332827731,"1006","filler_good",NA,NA,20
0.424913332827731,"6","Extr_whObj","Extr","whObj",20
0.424913332827731,"1016","filler_ok",NA,NA,20
0.424913332827731,"4","Extr_whSubj","Extr","whSubj",20
1.00434060486555,"1003","filler_good",NA,NA,20
1.00434060486555,"1002","filler_good",NA,NA,20
0.424913332827731,"22","Extr_whObj","Extr","whObj",20
0.424913332827731,"1034","filler_bad",NA,NA,20
0.424913332827731,"1020","filler_ok",NA,NA,20
0.424913332827731,"23","NoExtr_whSubj","NoExtr","whSubj",20
0.424913332827731,"1019","filler_ok",NA,NA,20
1.00434060486555,"14","Extr_whObj","Extr","whObj",20
-0.154513939210084,"1014","filler_ok",NA,NA,20
-0.733941211247898,"1026","filler_bad",NA,NA,20
1.00434060486555,"21","NoExtr_whObj","NoExtr","whObj",20
-1.89279575532353,"1030","filler_bad",NA,NA,20
0.424913332827731,"1","NoExtr_whObj","NoExtr","whObj",20
-0.733941211247898,"1027","filler_bad",NA,NA,20
-0.733941211247898,"1017","filler_ok",NA,NA,20
-0.733941211247898,"8","Extr_whSubj","Extr","whSubj",20
1.00434060486555,"1007","filler_good",NA,NA,20
1.00434060486555,"19","NoExtr_whSubj","NoExtr","whSubj",20
0.424913332827731,"1024","filler_ok",NA,NA,20
1.00434060486555,"1015","filler_ok",NA,NA,20
1.00434060486555,"3","NoExtr_whSubj","NoExtr","whSubj",20
1.00434060486555,"1001","filler_good",NA,NA,20
1.00434060486555,"18","Extr_whObj","Extr","whObj",20
-1.89279575532353,"1029","filler_bad",NA,NA,20
-0.733941211247898,"1010","filler_ok",NA,NA,20
0.424913332827731,"11","NoExtr_whSubj","NoExtr","whSubj",20
0.424913332827731,"1004","filler_good",NA,NA,20
0.424913332827731,"17","NoExtr_whObj","NoExtr","whObj",20
0.424913332827731,"1009","filler_ok",NA,NA,20
0.424913332827731,"10","Extr_whObj","Extr","whObj",20
-2.47222302736134,"1025","filler_bad",NA,NA,20
-0.733941211247898,"1023","filler_ok",NA,NA,20
0.424913332827731,"9","NoExtr_whObj","NoExtr","whObj",20
0.424913332827731,"1011","filler_ok",NA,NA,20
1.00434060486555,"2","Extr_whObj","Extr","whObj",20
-0.733941211247898,"1022","filler_ok",NA,NA,20
0.424913332827731,"1005","filler_good",NA,NA,20
-1.89279575532353,"16","Extr_whSubj","Extr","whSubj",20
0.424913332827731,"1013","filler_ok",NA,NA,20
0.424913332827731,"5","NoExtr_whObj","NoExtr","whObj",20
-0.367491593823258,"1017","filler_ok",NA,NA,17
-1.74558507066047,"5","Extr_whSubj","Extr","whSubj",17
0.551237390734887,"1024","filler_ok",NA,NA,17
0.551237390734887,"15","Extr_whObj","Extr","whObj",17
0.551237390734887,"1031","filler_bad",NA,NA,17
1.01060188301396,"1002","filler_good",NA,NA,17
-0.82685608610233,"21","Extr_whSubj","Extr","whSubj",17
-1.74558507066047,"1020","filler_ok",NA,NA,17
1.01060188301396,"1009","filler_ok",NA,NA,17
0.551237390734887,"23","Extr_whObj","Extr","whObj",17
-1.2862205783814,"1027","filler_bad",NA,NA,17
1.01060188301396,"22","NoExtr_whObj","NoExtr","whObj",17
1.01060188301396,"1011","filler_ok",NA,NA,17
0.0918728984558145,"7","Extr_whObj","Extr","whObj",17
0.551237390734887,"1016","filler_ok",NA,NA,17
0.551237390734887,"1015","filler_ok",NA,NA,17
-1.2862205783814,"13","Extr_whSubj","Extr","whSubj",17
0.551237390734887,"1023","filler_ok",NA,NA,17
0.551237390734887,"20","NoExtr_whSubj","NoExtr","whSubj",17
1.01060188301396,"1004","filler_good",NA,NA,17
0.551237390734887,"1029","filler_bad",NA,NA,17
0.551237390734887,"1","Extr_whSubj","Extr","whSubj",17
-0.82685608610233,"1013","filler_ok",NA,NA,17
-1.2862205783814,"1026","filler_bad",NA,NA,17
1.01060188301396,"6","NoExtr_whObj","NoExtr","whObj",17
0.551237390734887,"1005","filler_good",NA,NA,17
1.01060188301396,"2","NoExtr_whObj","NoExtr","whObj",17
0.551237390734887,"1012","filler_ok",NA,NA,17
-0.82685608610233,"1028","filler_bad",NA,NA,17
1.01060188301396,"18","NoExtr_whObj","NoExtr","whObj",17
-1.2862205783814,"1022","filler_ok",NA,NA,17
0.551237390734887,"14","NoExtr_whObj","NoExtr","whObj",17
1.01060188301396,"1003","filler_good",NA,NA,17
-0.367491593823258,"1006","filler_good",NA,NA,17
0.0918728984558145,"3","Extr_whObj","Extr","whObj",17
-0.82685608610233,"1021","filler_ok",NA,NA,17
0.551237390734887,"19","Extr_whObj","Extr","whObj",17
-0.367491593823258,"1019","filler_ok",NA,NA,17
-1.74558507066047,"1030","filler_bad",NA,NA,17
0.551237390734887,"24","NoExtr_whSubj","NoExtr","whSubj",17
1.01060188301396,"1007","filler_good",NA,NA,17
1.01060188301396,"16","NoExtr_whSubj","NoExtr","whSubj",17
-1.74558507066047,"1025","filler_bad",NA,NA,17
-1.74558507066047,"1035","filler_bad",NA,NA,17
0.551237390734887,"4","NoExtr_whSubj","NoExtr","whSubj",17
0.551237390734887,"1010","filler_ok",NA,NA,17
1.01060188301396,"17","Extr_whSubj","Extr","whSubj",17
-0.367491593823258,"1018","filler_ok",NA,NA,17
-0.82685608610233,"9","Extr_whSubj","Extr","whSubj",17
-1.74558507066047,"1032","filler_bad",NA,NA,17
-1.2862205783814,"1033","filler_bad",NA,NA,17
1.01060188301396,"8","NoExtr_whSubj","NoExtr","whSubj",17
-1.74558507066047,"1036","filler_bad",NA,NA,17
1.01060188301396,"12","NoExtr_whSubj","NoExtr","whSubj",17
-1.2862205783814,"1034","filler_bad",NA,NA,17
1.01060188301396,"1001","filler_good",NA,NA,17
0.551237390734887,"11","Extr_whObj","Extr","whObj",17
1.01060188301396,"1008","filler_good",NA,NA,17
0.551237390734887,"10","NoExtr_whObj","NoExtr","whObj",17
-1.2862205783814,"1014","filler_ok",NA,NA,17
-0.423901842593479,"1021","filler_ok",NA,NA,21
1.13328859958665,"1010","filler_ok",NA,NA,21
1.13328859958665,"23","NoExtr_whSubj","NoExtr","whSubj",21
1.13328859958665,"1002","filler_good",NA,NA,21
0.614225118859939,"13","NoExtr_whObj","NoExtr","whObj",21
-1.4620288040469,"1027","filler_bad",NA,NA,21
-1.4620288040469,"1025","filler_bad",NA,NA,21
0.614225118859939,"11","NoExtr_whSubj","NoExtr","whSubj",21
-0.423901842593479,"1024","filler_ok",NA,NA,21
0.614225118859939,"1020","filler_ok",NA,NA,21
0.0951616381332301,"3","NoExtr_whSubj","NoExtr","whSubj",21
0.614225118859939,"1012","filler_ok",NA,NA,21
0.0951616381332301,"7","NoExtr_whSubj","NoExtr","whSubj",21
-0.423901842593479,"1018","filler_ok",NA,NA,21
1.13328859958665,"21","NoExtr_whObj","NoExtr","whObj",21
0.0951616381332301,"1029","filler_bad",NA,NA,21
-0.942965323320188,"1019","filler_ok",NA,NA,21
1.13328859958665,"17","NoExtr_whObj","NoExtr","whObj",21
-1.98109228477361,"1032","filler_bad",NA,NA,21
-0.423901842593479,"4","Extr_whSubj","Extr","whSubj",21
0.614225118859939,"1006","filler_good",NA,NA,21
-1.4620288040469,"1014","filler_ok",NA,NA,21
0.0951616381332301,"12","Extr_whSubj","Extr","whSubj",21
1.13328859958665,"1007","filler_good",NA,NA,21
-1.4620288040469,"1033","filler_bad",NA,NA,21
0.614225118859939,"20","Extr_whSubj","Extr","whSubj",21
-0.942965323320188,"1030","filler_bad",NA,NA,21
0.614225118859939,"18","Extr_whObj","Extr","whObj",21
-1.98109228477361,"1036","filler_bad",NA,NA,21
0.614225118859939,"1011","filler_ok",NA,NA,21
1.13328859958665,"9","NoExtr_whObj","NoExtr","whObj",21
0.0951616381332301,"1023","filler_ok",NA,NA,21
-0.423901842593479,"22","Extr_whObj","Extr","whObj",21
-1.4620288040469,"1035","filler_bad",NA,NA,21
0.614225118859939,"1004","filler_good",NA,NA,21
-0.423901842593479,"24","Extr_whSubj","Extr","whSubj",21
-0.942965323320188,"1013","filler_ok",NA,NA,21
1.13328859958665,"19","NoExtr_whSubj","NoExtr","whSubj",21
-1.98109228477361,"1022","filler_ok",NA,NA,21
0.614225118859939,"1005","filler_good",NA,NA,21
0.0951616381332301,"2","Extr_whObj","Extr","whObj",21
-0.423901842593479,"1031","filler_bad",NA,NA,21
0.0951616381332301,"16","Extr_whSubj","Extr","whSubj",21
1.13328859958665,"1009","filler_ok",NA,NA,21
1.13328859958665,"1008","filler_good",NA,NA,21
1.13328859958665,"5","NoExtr_whObj","NoExtr","whObj",21
-0.942965323320188,"1034","filler_bad",NA,NA,21
-0.423901842593479,"10","Extr_whObj","Extr","whObj",21
-1.98109228477361,"1026","filler_bad",NA,NA,21
0.614225118859939,"8","Extr_whSubj","Extr","whSubj",21
0.614225118859939,"1016","filler_ok",NA,NA,21
-0.423901842593479,"1017","filler_ok",NA,NA,21
0.614225118859939,"14","Extr_whObj","Extr","whObj",21
1.13328859958665,"1001","filler_good",NA,NA,21
-0.423901842593479,"6","Extr_whObj","Extr","whObj",21
1.13328859958665,"1003","filler_good",NA,NA,21
-1.98109228477361,"1028","filler_bad",NA,NA,21
1.13328859958665,"1","NoExtr_whObj","NoExtr","whObj",21
0.0951616381332301,"1015","filler_ok",NA,NA,21
0.614225118859939,"15","NoExtr_whSubj","NoExtr","whSubj",21
0.438483344787458,"1015","filler_ok",NA,NA,9
-1.58528593884696,"21","Extr_whSubj","Extr","whSubj",9
-1.58528593884696,"1031","filler_bad",NA,NA,9
-0.236106416424016,"15","Extr_whObj","Extr","whObj",9
1.11307310599893,"1023","filler_ok",NA,NA,9
0.438483344787458,"1007","filler_good",NA,NA,9
-0.91069617763549,"3","Extr_whObj","Extr","whObj",9
-2.25987570005844,"1028","filler_bad",NA,NA,9
-2.25987570005844,"1020","filler_ok",NA,NA,9
0.438483344787458,"8","NoExtr_whSubj","NoExtr","whSubj",9
-0.91069617763549,"1035","filler_bad",NA,NA,9
-0.236106416424016,"24","NoExtr_whSubj","NoExtr","whSubj",9
-0.236106416424016,"1001","filler_good",NA,NA,9
0.438483344787458,"6","NoExtr_whObj","NoExtr","whObj",9
0.438483344787458,"1011","filler_ok",NA,NA,9
-0.91069617763549,"1034","filler_bad",NA,NA,9
0.438483344787458,"23","Extr_whObj","Extr","whObj",9
0.438483344787458,"1021","filler_ok",NA,NA,9
-2.25987570005844,"9","Extr_whSubj","Extr","whSubj",9
-2.25987570005844,"1030","filler_bad",NA,NA,9
1.11307310599893,"1004","filler_good",NA,NA,9
0.438483344787458,"7","Extr_whObj","Extr","whObj",9
0.438483344787458,"1006","filler_good",NA,NA,9
0.438483344787458,"1005","filler_good",NA,NA,9
0.438483344787458,"20","NoExtr_whSubj","NoExtr","whSubj",9
-0.236106416424016,"1013","filler_ok",NA,NA,9
0.438483344787458,"16","NoExtr_whSubj","NoExtr","whSubj",9
0.438483344787458,"1017","filler_ok",NA,NA,9
0.438483344787458,"1025","filler_bad",NA,NA,9
1.11307310599893,"2","NoExtr_whObj","NoExtr","whObj",9
0.438483344787458,"1014","filler_ok",NA,NA,9
1.11307310599893,"12","NoExtr_whSubj","NoExtr","whSubj",9
-0.91069617763549,"1022","filler_ok",NA,NA,9
-1.58528593884696,"1036","filler_bad",NA,NA,9
-0.91069617763549,"17","Extr_whSubj","Extr","whSubj",9
0.438483344787458,"1029","filler_bad",NA,NA,9
1.11307310599893,"14","NoExtr_whObj","NoExtr","whObj",9
1.11307310599893,"1009","filler_ok",NA,NA,9
1.11307310599893,"1008","filler_good",NA,NA,9
-0.91069617763549,"1","Extr_whSubj","Extr","whSubj",9
0.438483344787458,"1018","filler_ok",NA,NA,9
0.438483344787458,"11","Extr_whObj","Extr","whObj",9
0.438483344787458,"1016","filler_ok",NA,NA,9
-2.25987570005844,"1026","filler_bad",NA,NA,9
1.11307310599893,"18","NoExtr_whObj","NoExtr","whObj",9
1.11307310599893,"1003","filler_good",NA,NA,9
-0.236106416424016,"5","Extr_whSubj","Extr","whSubj",9
0.438483344787458,"1027","filler_bad",NA,NA,9
-0.91069617763549,"13","Extr_whSubj","Extr","whSubj",9
0.438483344787458,"1010","filler_ok",NA,NA,9
-0.236106416424016,"1032","filler_bad",NA,NA,9
1.11307310599893,"22","NoExtr_whObj","NoExtr","whObj",9
-0.236106416424016,"1033","filler_bad",NA,NA,9
0.438483344787458,"19","Extr_whObj","Extr","whObj",9
1.11307310599893,"1012","filler_ok",NA,NA,9
-0.236106416424016,"1024","filler_ok",NA,NA,9
0.438483344787458,"4","NoExtr_whSubj","NoExtr","whSubj",9
0.438483344787458,"1019","filler_ok",NA,NA,9
1.11307310599893,"10","NoExtr_whObj","NoExtr","whObj",9
0.438483344787458,"1002","filler_good",NA,NA,9
1.09663427384679,"1032","filler_bad",NA,NA,18
1.09663427384679,"10","Extr_whSubj","Extr","whSubj",18
1.64955911780315,"1017","filler_ok",NA,NA,18
1.09663427384679,"3","NoExtr_whObj","NoExtr","whObj",18
-0.00921541406593934,"1031","filler_bad",NA,NA,18
0.543709429890423,"1018","filler_ok",NA,NA,18
1.64955911780315,"11","NoExtr_whObj","NoExtr","whObj",18
-1.11506510197866,"1019","filler_ok",NA,NA,18
1.09663427384679,"1012","filler_ok",NA,NA,18
1.09663427384679,"19","NoExtr_whObj","NoExtr","whObj",18
0.543709429890423,"1023","filler_ok",NA,NA,18
0.543709429890423,"15","NoExtr_whObj","NoExtr","whObj",18
-0.562140258022302,"1014","filler_ok",NA,NA,18
-0.00921541406593934,"12","Extr_whObj","Extr","whObj",18
0.543709429890423,"1008","filler_good",NA,NA,18
-0.00921541406593934,"1022","filler_ok",NA,NA,18
-0.562140258022302,"13","NoExtr_whSubj","NoExtr","whSubj",18
-0.00921541406593934,"1007","filler_good",NA,NA,18
0.543709429890423,"2","Extr_whSubj","Extr","whSubj",18
-1.66798994593503,"1036","filler_bad",NA,NA,18
-1.66798994593503,"1020","filler_ok",NA,NA,18
1.09663427384679,"9","NoExtr_whSubj","NoExtr","whSubj",18
1.09663427384679,"1034","filler_bad",NA,NA,18
1.09663427384679,"1010","filler_ok",NA,NA,18
-0.562140258022302,"6","Extr_whSubj","Extr","whSubj",18
-1.11506510197866,"1021","filler_ok",NA,NA,18
-1.66798994593503,"17","NoExtr_whSubj","NoExtr","whSubj",18
-1.11506510197866,"1016","filler_ok",NA,NA,18
-0.562140258022302,"1002","filler_good",NA,NA,18
1.09663427384679,"16","Extr_whObj","Extr","whObj",18
-0.00921541406593934,"1013","filler_ok",NA,NA,18
-0.00921541406593934,"14","Extr_whSubj","Extr","whSubj",18
1.09663427384679,"1026","filler_bad",NA,NA,18
-1.66798994593503,"1033","filler_bad",NA,NA,18
0.543709429890423,"4","Extr_whObj","Extr","whObj",18
-0.562140258022302,"1024","filler_ok",NA,NA,18
-1.66798994593503,"23","NoExtr_whObj","NoExtr","whObj",18
0.543709429890423,"1004","filler_good",NA,NA,18
-0.562140258022302,"1003","filler_good",NA,NA,18
1.09663427384679,"22","Extr_whSubj","Extr","whSubj",18
0.543709429890423,"1006","filler_good",NA,NA,18
1.09663427384679,"1","NoExtr_whSubj","NoExtr","whSubj",18
-0.562140258022302,"1029","filler_bad",NA,NA,18
1.09663427384679,"1011","filler_ok",NA,NA,18
-1.11506510197866,"24","Extr_whObj","Extr","whObj",18
-0.562140258022302,"1028","filler_bad",NA,NA,18
-0.00921541406593934,"7","NoExtr_whObj","NoExtr","whObj",18
-1.66798994593503,"1009","filler_ok",NA,NA,18
-1.11506510197866,"20","Extr_whObj","Extr","whObj",18
0.543709429890423,"1015","filler_ok",NA,NA,18
-1.11506510197866,"1035","filler_bad",NA,NA,18
1.09663427384679,"8","Extr_whObj","Extr","whObj",18
-1.11506510197866,"1001","filler_good",NA,NA,18
-0.562140258022302,"5","NoExtr_whSubj","NoExtr","whSubj",18
-1.66798994593503,"1025","filler_bad",NA,NA,18
0.543709429890423,"1027","filler_bad",NA,NA,18
-0.00921541406593934,"18","Extr_whSubj","Extr","whSubj",18
1.09663427384679,"1005","filler_good",NA,NA,18
-1.11506510197866,"21","NoExtr_whSubj","NoExtr","whSubj",18
0.543709429890423,"1030","filler_bad",NA,NA,18
0.72694328959578,"1004","filler_good",NA,NA,7
-1.36665338444007,"1030","filler_bad",NA,NA,7
-1.36665338444007,"3","Extr_whSubj","Extr","whSubj",7
0.72694328959578,"1011","filler_ok",NA,NA,7
-1.36665338444007,"19","Extr_whSubj","Extr","whSubj",7
0.72694328959578,"1031","filler_bad",NA,NA,7
0.72694328959578,"1017","filler_ok",NA,NA,7
0.72694328959578,"2","NoExtr_whSubj","NoExtr","whSubj",7
0.72694328959578,"1021","filler_ok",NA,NA,7
0.72694328959578,"1015","filler_ok",NA,NA,7
-1.36665338444007,"11","Extr_whSubj","Extr","whSubj",7
-1.36665338444007,"1028","filler_bad",NA,NA,7
0.72694328959578,"24","NoExtr_whObj","NoExtr","whObj",7
0.72694328959578,"1016","filler_ok",NA,NA,7
0.72694328959578,"5","Extr_whObj","Extr","whObj",7
-1.36665338444007,"1024","filler_ok",NA,NA,7
0.72694328959578,"1012","filler_ok",NA,NA,7
0.72694328959578,"14","NoExtr_whSubj","NoExtr","whSubj",7
-1.36665338444007,"1022","filler_ok",NA,NA,7
0.72694328959578,"17","Extr_whObj","Extr","whObj",7
0.72694328959578,"1033","filler_bad",NA,NA,7
0.72694328959578,"1008","filler_good",NA,NA,7
-1.36665338444007,"9","Extr_whObj","Extr","whObj",7
-1.36665338444007,"1026","filler_bad",NA,NA,7
0.72694328959578,"1010","filler_ok",NA,NA,7
0.72694328959578,"16","NoExtr_whObj","NoExtr","whObj",7
-1.36665338444007,"1036","filler_bad",NA,NA,7
-1.01772060543409,"13","Extr_whObj","Extr","whObj",7
0.72694328959578,"1002","filler_good",NA,NA,7
-1.36665338444007,"1013","filler_ok",NA,NA,7
-1.36665338444007,"15","Extr_whSubj","Extr","whSubj",7
0.72694328959578,"1006","filler_good",NA,NA,7
0.72694328959578,"22","NoExtr_whSubj","NoExtr","whSubj",7
0.72694328959578,"1003","filler_good",NA,NA,7
0.72694328959578,"1018","filler_ok",NA,NA,7
0.72694328959578,"12","NoExtr_whObj","NoExtr","whObj",7
-1.36665338444007,"1027","filler_bad",NA,NA,7
0.72694328959578,"8","NoExtr_whObj","NoExtr","whObj",7
0.72694328959578,"1001","filler_good",NA,NA,7
-1.36665338444007,"1035","filler_bad",NA,NA,7
0.72694328959578,"10","NoExtr_whSubj","NoExtr","whSubj",7
0.72694328959578,"1009","filler_ok",NA,NA,7
0.72694328959578,"20","NoExtr_whObj","NoExtr","whObj",7
0.72694328959578,"1023","filler_ok",NA,NA,7
0.72694328959578,"1019","filler_ok",NA,NA,7
-1.36665338444007,"7","Extr_whSubj","Extr","whSubj",7
-1.36665338444007,"1020","filler_ok",NA,NA,7
0.72694328959578,"1","Extr_whObj","Extr","whObj",7
0.72694328959578,"1014","filler_ok",NA,NA,7
0.72694328959578,"4","NoExtr_whObj","NoExtr","whObj",7
0.72694328959578,"1029","filler_bad",NA,NA,7
-1.36665338444007,"1025","filler_bad",NA,NA,7
0.72694328959578,"6","NoExtr_whSubj","NoExtr","whSubj",7
0.72694328959578,"1034","filler_bad",NA,NA,7
0.72694328959578,"18","NoExtr_whSubj","NoExtr","whSubj",7
0.72694328959578,"1007","filler_good",NA,NA,7
-1.36665338444007,"1032","filler_bad",NA,NA,7
-1.36665338444007,"23","Extr_whSubj","Extr","whSubj",7
0.72694328959578,"1005","filler_good",NA,NA,7
-1.36665338444007,"21","Extr_whObj","Extr","whObj",7
-0.284208919791729,"1005","filler_good",NA,NA,15
-1.9344542605179,"1020","filler_ok",NA,NA,15
0.815954640692383,"14","NoExtr_whObj","NoExtr","whObj",15
0.265872860450327,"1015","filler_ok",NA,NA,15
-1.38437248027584,"13","Extr_whSubj","Extr","whSubj",15
-1.38437248027584,"1030","filler_bad",NA,NA,15
-1.38437248027584,"1026","filler_bad",NA,NA,15
-0.834290700033785,"4","NoExtr_whSubj","NoExtr","whSubj",15
0.815954640692383,"1010","filler_ok",NA,NA,15
0.815954640692383,"1006","filler_good",NA,NA,15
-0.834290700033785,"16","NoExtr_whSubj","NoExtr","whSubj",15
0.815954640692383,"1021","filler_ok",NA,NA,15
-0.834290700033785,"19","Extr_whObj","Extr","whObj",15
-0.284208919791729,"1019","filler_ok",NA,NA,15
-0.834290700033785,"11","Extr_whObj","Extr","whObj",15
0.815954640692383,"1035","filler_bad",NA,NA,15
-0.284208919791729,"1033","filler_bad",NA,NA,15
-0.284208919791729,"2","NoExtr_whObj","NoExtr","whObj",15
0.265872860450327,"1008","filler_good",NA,NA,15
-0.284208919791729,"1","Extr_whSubj","Extr","whSubj",15
-0.284208919791729,"1024","filler_ok",NA,NA,15
-0.284208919791729,"1023","filler_ok",NA,NA,15
0.265872860450327,"23","Extr_whObj","Extr","whObj",15
0.265872860450327,"1032","filler_bad",NA,NA,15
-0.834290700033785,"1007","filler_good",NA,NA,15
0.265872860450327,"10","NoExtr_whObj","NoExtr","whObj",15
1.36603642093444,"1004","filler_good",NA,NA,15
1.36603642093444,"5","Extr_whSubj","Extr","whSubj",15
0.265872860450327,"1036","filler_bad",NA,NA,15
0.265872860450327,"1014","filler_ok",NA,NA,15
0.815954640692383,"22","NoExtr_whObj","NoExtr","whObj",15
-0.284208919791729,"1017","filler_ok",NA,NA,15
-1.9344542605179,"20","NoExtr_whSubj","NoExtr","whSubj",15
0.815954640692383,"1028","filler_bad",NA,NA,15
1.36603642093444,"1001","filler_good",NA,NA,15
0.265872860450327,"12","NoExtr_whSubj","NoExtr","whSubj",15
1.36603642093444,"1009","filler_ok",NA,NA,15
-1.38437248027584,"24","NoExtr_whSubj","NoExtr","whSubj",15
1.36603642093444,"1022","filler_ok",NA,NA,15
1.36603642093444,"1011","filler_ok",NA,NA,15
-0.284208919791729,"17","Extr_whSubj","Extr","whSubj",15
0.815954640692383,"1034","filler_bad",NA,NA,15
1.36603642093444,"18","NoExtr_whObj","NoExtr","whObj",15
0.815954640692383,"1003","filler_good",NA,NA,15
1.36603642093444,"1016","filler_ok",NA,NA,15
-0.284208919791729,"8","NoExtr_whSubj","NoExtr","whSubj",15
-0.284208919791729,"1029","filler_bad",NA,NA,15
-0.834290700033785,"7","Extr_whObj","Extr","whObj",15
-1.9344542605179,"1025","filler_bad",NA,NA,15
-1.38437248027584,"15","Extr_whObj","Extr","whObj",15
-0.834290700033785,"1013","filler_ok",NA,NA,15
-1.38437248027584,"1027","filler_bad",NA,NA,15
-0.834290700033785,"3","Extr_whObj","Extr","whObj",15
1.36603642093444,"1002","filler_good",NA,NA,15
-0.284208919791729,"9","Extr_whSubj","Extr","whSubj",15
0.815954640692383,"1012","filler_ok",NA,NA,15
1.36603642093444,"1018","filler_ok",NA,NA,15
1.36603642093444,"6","NoExtr_whObj","NoExtr","whObj",15
-1.38437248027584,"1031","filler_bad",NA,NA,15
0.265872860450327,"21","Extr_whSubj","Extr","whSubj",15
0.675048929271478,"1009","filler_ok",NA,NA,19
0.675048929271478,"17","NoExtr_whObj","NoExtr","whObj",19
-0.390817801157172,"1018","filler_ok",NA,NA,19
0.675048929271478,"23","NoExtr_whSubj","NoExtr","whSubj",19
-1.45668453158582,"1030","filler_bad",NA,NA,19
-0.923751166371496,"1020","filler_ok",NA,NA,19
0.675048929271478,"14","Extr_whObj","Extr","whObj",19
-0.390817801157172,"1010","filler_ok",NA,NA,19
0.675048929271478,"1008","filler_good",NA,NA,19
-0.923751166371496,"20","Extr_whSubj","Extr","whSubj",19
0.142115564057153,"1016","filler_ok",NA,NA,19
0.675048929271478,"9","NoExtr_whObj","NoExtr","whObj",19
0.675048929271478,"1004","filler_good",NA,NA,19
0.675048929271478,"22","Extr_whObj","Extr","whObj",19
0.142115564057153,"1029","filler_bad",NA,NA,19
0.675048929271478,"1024","filler_ok",NA,NA,19
0.675048929271478,"15","NoExtr_whSubj","NoExtr","whSubj",19
-1.45668453158582,"1035","filler_bad",NA,NA,19
-0.390817801157172,"6","Extr_whObj","Extr","whObj",19
-1.98961789680015,"1027","filler_bad",NA,NA,19
1.2079822944858,"1011","filler_ok",NA,NA,19
0.675048929271478,"3","NoExtr_whSubj","NoExtr","whSubj",19
-1.45668453158582,"1022","filler_ok",NA,NA,19
-1.98961789680015,"1026","filler_bad",NA,NA,19
0.675048929271478,"10","Extr_whObj","Extr","whObj",19
-0.390817801157172,"1013","filler_ok",NA,NA,19
0.675048929271478,"7","NoExtr_whSubj","NoExtr","whSubj",19
-0.923751166371496,"1036","filler_bad",NA,NA,19
1.2079822944858,"1003","filler_good",NA,NA,19
0.142115564057153,"11","NoExtr_whSubj","NoExtr","whSubj",19
-0.390817801157172,"1032","filler_bad",NA,NA,19
1.2079822944858,"5","NoExtr_whObj","NoExtr","whObj",19
0.675048929271478,"1023","filler_ok",NA,NA,19
0.142115564057153,"1015","filler_ok",NA,NA,19
1.2079822944858,"1","NoExtr_whObj","NoExtr","whObj",19
0.675048929271478,"1006","filler_good",NA,NA,19
-0.923751166371496,"4","Extr_whSubj","Extr","whSubj",19
0.675048929271478,"1007","filler_good",NA,NA,19
0.142115564057153,"1034","filler_bad",NA,NA,19
-0.390817801157172,"12","Extr_whSubj","Extr","whSubj",19
0.675048929271478,"1017","filler_ok",NA,NA,19
1.2079822944858,"18","Extr_whObj","Extr","whObj",19
1.2079822944858,"1012","filler_ok",NA,NA,19
1.2079822944858,"1005","filler_good",NA,NA,19
1.2079822944858,"19","NoExtr_whSubj","NoExtr","whSubj",19
-0.923751166371496,"1014","filler_ok",NA,NA,19
1.2079822944858,"13","NoExtr_whObj","NoExtr","whObj",19
-1.45668453158582,"1033","filler_bad",NA,NA,19
1.2079822944858,"21","NoExtr_whObj","NoExtr","whObj",19
-1.98961789680015,"1019","filler_ok",NA,NA,19
-1.45668453158582,"1031","filler_bad",NA,NA,19
-1.98961789680015,"24","Extr_whSubj","Extr","whSubj",19
-0.390817801157172,"1001","filler_good",NA,NA,19
0.142115564057153,"2","Extr_whObj","Extr","whObj",19
1.2079822944858,"1002","filler_good",NA,NA,19
-0.390817801157172,"1025","filler_bad",NA,NA,19
0.142115564057153,"8","Extr_whSubj","Extr","whSubj",19
-1.45668453158582,"1028","filler_bad",NA,NA,19
-0.923751166371496,"16","Extr_whSubj","Extr","whSubj",19
-0.390817801157172,"1021","filler_ok",NA,NA,19
