,ITEM,CONDITION,EXTRACTION,NEGATIVITY,QUESTION,SENTENCE,LIST,TYPE
0,1,Extr_Neg,Extr,Neg,"Assuming that contestants could be expected to know the answer, how easy is it for you to imagine this as a <b>gameshow/quiz question</b>?","<table style='border: 1px solid black; border-collapse: collapse'><tr height = 20px></tr><tr><td width=20px></td><td colspan='2' style='text-align:center; vertical-align:middle'><b>In the movie Strange Visitors, how much money did Johnny never pay for pizza?</b></td><td width=20px></td></tr><tr height = 20px></tr><tr><td width=20px></td><td style='text-align:center'>A. Price A</td><td style='text-align:center'>C. Price C</td><td width=20px></td></tr><tr height = 10px></tr><tr><td width=20px></td><td style='text-align:center'>B. Price B</td><td style='text-align:center'>D. Price D</td><td width=20px></td></tr><tr height = 20px></tr></table>  ",1,item
1,1,NoExtr_Neg,NoExtr,Neg,"Assuming that contestants could be expected to know the answer, how easy is it for you to imagine this as a <b>gameshow/quiz question</b>?","<table style='border: 1px solid black; border-collapse: collapse'><tr height = 20px></tr><tr><td width=20px></td><td colspan='2' style='text-align:center; vertical-align:middle'><b>In the movie Strange Visitors, Johnny never paid how much money for pizza?</b></td><td width=20px></td></tr><tr height = 20px></tr><tr><td width=20px></td><td style='text-align:center'>A. Price A</td><td style='text-align:center'>C. Price C</td><td width=20px></td></tr><tr height = 10px></tr><tr><td width=20px></td><td style='text-align:center'>B. Price B</td><td style='text-align:center'>D. Price D</td><td width=20px></td></tr><tr height = 20px></tr></table>  ",2,item
2,1,Extr_Pos,Extr,Pos,"Assuming that contestants could be expected to know the answer, how easy is it for you to imagine this as a <b>gameshow/quiz question</b>?","<table style='border: 1px solid black; border-collapse: collapse'><tr height = 20px></tr><tr><td width=20px></td><td colspan='2' style='text-align:center; vertical-align:middle'><b>In the movie Strange Visitors, how much money did Johnny pay for pizza?</b></td><td width=20px></td></tr><tr height = 20px></tr><tr><td width=20px></td><td style='text-align:center'>A. Price A</td><td style='text-align:center'>C. Price C</td><td width=20px></td></tr><tr height = 10px></tr><tr><td width=20px></td><td style='text-align:center'>B. Price B</td><td style='text-align:center'>D. Price D</td><td width=20px></td></tr><tr height = 20px></tr></table>  ",3,item
3,1,NoExtr_Pos,NoExtr,Pos,"Assuming that contestants could be expected to know the answer, how easy is it for you to imagine this as a <b>gameshow/quiz question</b>?","<table style='border: 1px solid black; border-collapse: collapse'><tr height = 20px></tr><tr><td width=20px></td><td colspan='2' style='text-align:center; vertical-align:middle'><b>In the movie Strange Visitors, Johnny paid how much money for pizza?</b></td><td width=20px></td></tr><tr height = 20px></tr><tr><td width=20px></td><td style='text-align:center'>A. Price A</td><td style='text-align:center'>C. Price C</td><td width=20px></td></tr><tr height = 10px></tr><tr><td width=20px></td><td style='text-align:center'>B. Price B</td><td style='text-align:center'>D. Price D</td><td width=20px></td></tr><tr height = 20px></tr></table>  ",4,item
4,2,Extr_Neg,Extr,Neg,"Assuming that contestants could be expected to know the answer, how easy is it for you to imagine this as a <b>gameshow/quiz question</b>?","<table style='border: 1px solid black; border-collapse: collapse'><tr height = 20px></tr><tr><td width=20px></td><td colspan='2' style='text-align:center; vertical-align:middle'><b>According to the familiar fairy tale, how many bites didn't Father Dormouse take of the wolf's cheese?</b></td><td width=20px></td></tr><tr height = 20px></tr><tr><td width=20px></td><td style='text-align:center'>A. Number A</td><td style='text-align:center'>C. Number C</td><td width=20px></td></tr><tr height = 10px></tr><tr><td width=20px></td><td style='text-align:center'>B. Number B</td><td style='text-align:center'>D. Number D</td><td width=20px></td></tr><tr height = 20px></tr></table>  ",2,item
5,2,NoExtr_Neg,NoExtr,Neg,"Assuming that contestants could be expected to know the answer, how easy is it for you to imagine this as a <b>gameshow/quiz question</b>?","<table style='border: 1px solid black; border-collapse: collapse'><tr height = 20px></tr><tr><td width=20px></td><td colspan='2' style='text-align:center; vertical-align:middle'><b>According to the familiar fairy tale, Father Dormouse didn't take how many bites out of the wolf's cheese?</b></td><td width=20px></td></tr><tr height = 20px></tr><tr><td width=20px></td><td style='text-align:center'>A. Number A</td><td style='text-align:center'>C. Number C</td><td width=20px></td></tr><tr height = 10px></tr><tr><td width=20px></td><td style='text-align:center'>B. Number B</td><td style='text-align:center'>D. Number D</td><td width=20px></td></tr><tr height = 20px></tr></table>  ",3,item
6,2,Extr_Pos,Extr,Pos,"Assuming that contestants could be expected to know the answer, how easy is it for you to imagine this as a <b>gameshow/quiz question</b>?","<table style='border: 1px solid black; border-collapse: collapse'><tr height = 20px></tr><tr><td width=20px></td><td colspan='2' style='text-align:center; vertical-align:middle'><b>According to the familiar fairy tale, how many bites did Father Dormouse take of the wolf's cheese?</b></td><td width=20px></td></tr><tr height = 20px></tr><tr><td width=20px></td><td style='text-align:center'>A. Number A</td><td style='text-align:center'>C. Number C</td><td width=20px></td></tr><tr height = 10px></tr><tr><td width=20px></td><td style='text-align:center'>B. Number B</td><td style='text-align:center'>D. Number D</td><td width=20px></td></tr><tr height = 20px></tr></table>  ",4,item
7,2,NoExtr_Pos,NoExtr,Pos,"Assuming that contestants could be expected to know the answer, how easy is it for you to imagine this as a <b>gameshow/quiz question</b>?","<table style='border: 1px solid black; border-collapse: collapse'><tr height = 20px></tr><tr><td width=20px></td><td colspan='2' style='text-align:center; vertical-align:middle'><b>According to the familiar fairy tale, Father Dormouse took how many bites out of the wolf's cheese?</b></td><td width=20px></td></tr><tr height = 20px></tr><tr><td width=20px></td><td style='text-align:center'>A. Number A</td><td style='text-align:center'>C. Number C</td><td width=20px></td></tr><tr height = 10px></tr><tr><td width=20px></td><td style='text-align:center'>B. Number B</td><td style='text-align:center'>D. Number D</td><td width=20px></td></tr><tr height = 20px></tr></table>  ",1,item
8,3,Extr_Neg,Extr,Neg,"Assuming that contestants could be expected to know the answer, how easy is it for you to imagine this as a <b>gameshow/quiz question</b>?",<table style='border: 1px solid black; border-collapse: collapse'><tr height = 20px></tr><tr><td width=20px></td><td colspan='2' style='text-align:center; vertical-align:middle'><b>How many countries doesn't the Library of Congress contain a copy of the constitution of?</b></td><td width=20px></td></tr><tr height = 20px></tr><tr><td width=20px></td><td style='text-align:center'>A. Number A</td><td style='text-align:center'>C. Number C</td><td width=20px></td></tr><tr height = 10px></tr><tr><td width=20px></td><td style='text-align:center'>B. Number B</td><td style='text-align:center'>D. Number D</td><td width=20px></td></tr><tr height = 20px></tr></table>  ,3,item
9,3,NoExtr_Neg,NoExtr,Neg,"Assuming that contestants could be expected to know the answer, how easy is it for you to imagine this as a <b>gameshow/quiz question</b>?",<table style='border: 1px solid black; border-collapse: collapse'><tr height = 20px></tr><tr><td width=20px></td><td colspan='2' style='text-align:center; vertical-align:middle'><b>The Library of Congress doesn't contain a copy of the constitution of how many countries?</b></td><td width=20px></td></tr><tr height = 20px></tr><tr><td width=20px></td><td style='text-align:center'>A. Number A</td><td style='text-align:center'>C. Number C</td><td width=20px></td></tr><tr height = 10px></tr><tr><td width=20px></td><td style='text-align:center'>B. Number B</td><td style='text-align:center'>D. Number D</td><td width=20px></td></tr><tr height = 20px></tr></table>  ,4,item
10,3,Extr_Pos,Extr,Pos,"Assuming that contestants could be expected to know the answer, how easy is it for you to imagine this as a <b>gameshow/quiz question</b>?",<table style='border: 1px solid black; border-collapse: collapse'><tr height = 20px></tr><tr><td width=20px></td><td colspan='2' style='text-align:center; vertical-align:middle'><b>How many countries does the Library of Congress contain a copy of the constitution of?</b></td><td width=20px></td></tr><tr height = 20px></tr><tr><td width=20px></td><td style='text-align:center'>A. Number A</td><td style='text-align:center'>C. Number C</td><td width=20px></td></tr><tr height = 10px></tr><tr><td width=20px></td><td style='text-align:center'>B. Number B</td><td style='text-align:center'>D. Number D</td><td width=20px></td></tr><tr height = 20px></tr></table>  ,1,item
11,3,NoExtr_Pos,NoExtr,Pos,"Assuming that contestants could be expected to know the answer, how easy is it for you to imagine this as a <b>gameshow/quiz question</b>?",<table style='border: 1px solid black; border-collapse: collapse'><tr height = 20px></tr><tr><td width=20px></td><td colspan='2' style='text-align:center; vertical-align:middle'><b>The Library of Congress contains a copy of the constitution of how many countries?</b></td><td width=20px></td></tr><tr height = 20px></tr><tr><td width=20px></td><td style='text-align:center'>A. Number A</td><td style='text-align:center'>C. Number C</td><td width=20px></td></tr><tr height = 10px></tr><tr><td width=20px></td><td style='text-align:center'>B. Number B</td><td style='text-align:center'>D. Number D</td><td width=20px></td></tr><tr height = 20px></tr></table>  ,2,item
12,4,Extr_Neg,Extr,Neg,"Assuming that contestants could be expected to know the answer, how easy is it for you to imagine this as a <b>gameshow/quiz question</b>?","<table style='border: 1px solid black; border-collapse: collapse'><tr height = 20px></tr><tr><td width=20px></td><td colspan='2' style='text-align:center; vertical-align:middle'><b>According to a well-known anecdote, how expensive weren't a dozen eggs during the Great Depression?</b></td><td width=20px></td></tr><tr height = 20px></tr><tr><td width=20px></td><td style='text-align:center'>A. Price A</td><td style='text-align:center'>C. Price C</td><td width=20px></td></tr><tr height = 10px></tr><tr><td width=20px></td><td style='text-align:center'>B. Price B</td><td style='text-align:center'>D. Price D</td><td width=20px></td></tr><tr height = 20px></tr></table>  ",4,item
13,4,NoExtr_Neg,NoExtr,Neg,"Assuming that contestants could be expected to know the answer, how easy is it for you to imagine this as a <b>gameshow/quiz question</b>?","<table style='border: 1px solid black; border-collapse: collapse'><tr height = 20px></tr><tr><td width=20px></td><td colspan='2' style='text-align:center; vertical-align:middle'><b>According to a well-known anecdote, a dozen eggs weren't how expensive during the Great Depression?</b></td><td width=20px></td></tr><tr height = 20px></tr><tr><td width=20px></td><td style='text-align:center'>A. Price A</td><td style='text-align:center'>C. Price C</td><td width=20px></td></tr><tr height = 10px></tr><tr><td width=20px></td><td style='text-align:center'>B. Price B</td><td style='text-align:center'>D. Price D</td><td width=20px></td></tr><tr height = 20px></tr></table>  ",1,item
14,4,Extr_Pos,Extr,Pos,"Assuming that contestants could be expected to know the answer, how easy is it for you to imagine this as a <b>gameshow/quiz question</b>?","<table style='border: 1px solid black; border-collapse: collapse'><tr height = 20px></tr><tr><td width=20px></td><td colspan='2' style='text-align:center; vertical-align:middle'><b>According to a well-known anecdote, how expensive were a dozen eggs during the Great Depression?</b></td><td width=20px></td></tr><tr height = 20px></tr><tr><td width=20px></td><td style='text-align:center'>A. Price A</td><td style='text-align:center'>C. Price C</td><td width=20px></td></tr><tr height = 10px></tr><tr><td width=20px></td><td style='text-align:center'>B. Price B</td><td style='text-align:center'>D. Price D</td><td width=20px></td></tr><tr height = 20px></tr></table>  ",2,item
15,4,NoExtr_Pos,NoExtr,Pos,"Assuming that contestants could be expected to know the answer, how easy is it for you to imagine this as a <b>gameshow/quiz question</b>?","<table style='border: 1px solid black; border-collapse: collapse'><tr height = 20px></tr><tr><td width=20px></td><td colspan='2' style='text-align:center; vertical-align:middle'><b>According to a well-known anecdote, a dozen eggs were how expensive during the Great Depression?</b></td><td width=20px></td></tr><tr height = 20px></tr><tr><td width=20px></td><td style='text-align:center'>A. Price A</td><td style='text-align:center'>C. Price C</td><td width=20px></td></tr><tr height = 10px></tr><tr><td width=20px></td><td style='text-align:center'>B. Price B</td><td style='text-align:center'>D. Price D</td><td width=20px></td></tr><tr height = 20px></tr></table>  ",3,item
16,5,Extr_Neg,Extr,Neg,"Assuming that contestants could be expected to know the answer, how easy is it for you to imagine this as a <b>gameshow/quiz question</b>?","<table style='border: 1px solid black; border-collapse: collapse'><tr height = 20px></tr><tr><td width=20px></td><td colspan='2' style='text-align:center; vertical-align:middle'><b>A factoid popularized by the movie Jaws, how much don't great white sharks typically weigh?</b></td><td width=20px></td></tr><tr height = 20px></tr><tr><td width=20px></td><td style='text-align:center'>A. Weight A</td><td style='text-align:center'>C. Weight C</td><td width=20px></td></tr><tr height = 10px></tr><tr><td width=20px></td><td style='text-align:center'>B. Weight B</td><td style='text-align:center'>D. Weight D</td><td width=20px></td></tr><tr height = 20px></tr></table>  ",1,item
17,5,NoExtr_Neg,NoExtr,Neg,"Assuming that contestants could be expected to know the answer, how easy is it for you to imagine this as a <b>gameshow/quiz question</b>?","<table style='border: 1px solid black; border-collapse: collapse'><tr height = 20px></tr><tr><td width=20px></td><td colspan='2' style='text-align:center; vertical-align:middle'><b>A factoid popularized by the movie Jaws, great white sharks typically don't weigh how much?</b></td><td width=20px></td></tr><tr height = 20px></tr><tr><td width=20px></td><td style='text-align:center'>A. Weight A</td><td style='text-align:center'>C. Weight C</td><td width=20px></td></tr><tr height = 10px></tr><tr><td width=20px></td><td style='text-align:center'>B. Weight B</td><td style='text-align:center'>D. Weight D</td><td width=20px></td></tr><tr height = 20px></tr></table>  ",2,item
18,5,Extr_Pos,Extr,Pos,"Assuming that contestants could be expected to know the answer, how easy is it for you to imagine this as a <b>gameshow/quiz question</b>?","<table style='border: 1px solid black; border-collapse: collapse'><tr height = 20px></tr><tr><td width=20px></td><td colspan='2' style='text-align:center; vertical-align:middle'><b>A factoid popularized by the movie Jaws, how much do great white sharks typically weigh?</b></td><td width=20px></td></tr><tr height = 20px></tr><tr><td width=20px></td><td style='text-align:center'>A. Weight A</td><td style='text-align:center'>C. Weight C</td><td width=20px></td></tr><tr height = 10px></tr><tr><td width=20px></td><td style='text-align:center'>B. Weight B</td><td style='text-align:center'>D. Weight D</td><td width=20px></td></tr><tr height = 20px></tr></table>  ",3,item
19,5,NoExtr_Pos,NoExtr,Pos,"Assuming that contestants could be expected to know the answer, how easy is it for you to imagine this as a <b>gameshow/quiz question</b>?","<table style='border: 1px solid black; border-collapse: collapse'><tr height = 20px></tr><tr><td width=20px></td><td colspan='2' style='text-align:center; vertical-align:middle'><b>A factoid popularized by the movie Jaws, great white sharks typically weigh how much?</b></td><td width=20px></td></tr><tr height = 20px></tr><tr><td width=20px></td><td style='text-align:center'>A. Weight A</td><td style='text-align:center'>C. Weight C</td><td width=20px></td></tr><tr height = 10px></tr><tr><td width=20px></td><td style='text-align:center'>B. Weight B</td><td style='text-align:center'>D. Weight D</td><td width=20px></td></tr><tr height = 20px></tr></table>  ",4,item
20,6,Extr_Neg,Extr,Neg,"Assuming that contestants could be expected to know the answer, how easy is it for you to imagine this as a <b>gameshow/quiz question</b>?",<table style='border: 1px solid black; border-collapse: collapse'><tr height = 20px></tr><tr><td width=20px></td><td colspan='2' style='text-align:center; vertical-align:middle'><b>How often doesn't the Atlantic tropical storm season produce a category 5 hurricane on average?</b></td><td width=20px></td></tr><tr height = 20px></tr><tr><td width=20px></td><td style='text-align:center'>A. Frequency A</td><td style='text-align:center'>C. Frequency C</td><td width=20px></td></tr><tr height = 10px></tr><tr><td width=20px></td><td style='text-align:center'>B. Frequency B</td><td style='text-align:center'>D. Frequency D</td><td width=20px></td></tr><tr height = 20px></tr></table>  ,2,item
21,6,NoExtr_Neg,NoExtr,Neg,"Assuming that contestants could be expected to know the answer, how easy is it for you to imagine this as a <b>gameshow/quiz question</b>?",<table style='border: 1px solid black; border-collapse: collapse'><tr height = 20px></tr><tr><td width=20px></td><td colspan='2' style='text-align:center; vertical-align:middle'><b>The Atlantic tropical storm season doesn't produce a category 5 hurricane how often on average?</b></td><td width=20px></td></tr><tr height = 20px></tr><tr><td width=20px></td><td style='text-align:center'>A. Frequency A</td><td style='text-align:center'>C. Frequency C</td><td width=20px></td></tr><tr height = 10px></tr><tr><td width=20px></td><td style='text-align:center'>B. Frequency B</td><td style='text-align:center'>D. Frequency D</td><td width=20px></td></tr><tr height = 20px></tr></table>  ,3,item
22,6,Extr_Pos,Extr,Pos,"Assuming that contestants could be expected to know the answer, how easy is it for you to imagine this as a <b>gameshow/quiz question</b>?",<table style='border: 1px solid black; border-collapse: collapse'><tr height = 20px></tr><tr><td width=20px></td><td colspan='2' style='text-align:center; vertical-align:middle'><b>How often does the Atlantic tropical storm season produce a category 5 hurricane on average?</b></td><td width=20px></td></tr><tr height = 20px></tr><tr><td width=20px></td><td style='text-align:center'>A. Frequency A</td><td style='text-align:center'>C. Frequency C</td><td width=20px></td></tr><tr height = 10px></tr><tr><td width=20px></td><td style='text-align:center'>B. Frequency B</td><td style='text-align:center'>D. Frequency D</td><td width=20px></td></tr><tr height = 20px></tr></table>  ,4,item
23,6,NoExtr_Pos,NoExtr,Pos,"Assuming that contestants could be expected to know the answer, how easy is it for you to imagine this as a <b>gameshow/quiz question</b>?",<table style='border: 1px solid black; border-collapse: collapse'><tr height = 20px></tr><tr><td width=20px></td><td colspan='2' style='text-align:center; vertical-align:middle'><b>The Atlantic tropical storm season produces a category 5 hurricane how often on average?</b></td><td width=20px></td></tr><tr height = 20px></tr><tr><td width=20px></td><td style='text-align:center'>A. Frequency A</td><td style='text-align:center'>C. Frequency C</td><td width=20px></td></tr><tr height = 10px></tr><tr><td width=20px></td><td style='text-align:center'>B. Frequency B</td><td style='text-align:center'>D. Frequency D</td><td width=20px></td></tr><tr height = 20px></tr></table>  ,1,item
24,7,Extr_Neg,Extr,Neg,"Assuming that contestants could be expected to know the answer, how easy is it for you to imagine this as a <b>gameshow/quiz question</b>?","<table style='border: 1px solid black; border-collapse: collapse'><tr height = 20px></tr><tr><td width=20px></td><td colspan='2' style='text-align:center; vertical-align:middle'><b>Unlike in the Northern Hemisphere, in what direction doesn't moss tend to grow on trees in South America?</b></td><td width=20px></td></tr><tr height = 20px></tr><tr><td width=20px></td><td style='text-align:center'>A. Direction A</td><td style='text-align:center'>C. Direction C</td><td width=20px></td></tr><tr height = 10px></tr><tr><td width=20px></td><td style='text-align:center'>B. Direction B</td><td style='text-align:center'>D. Direction D</td><td width=20px></td></tr><tr height = 20px></tr></table>  ",3,item
25,7,NoExtr_Neg,NoExtr,Neg,"Assuming that contestants could be expected to know the answer, how easy is it for you to imagine this as a <b>gameshow/quiz question</b>?","<table style='border: 1px solid black; border-collapse: collapse'><tr height = 20px></tr><tr><td width=20px></td><td colspan='2' style='text-align:center; vertical-align:middle'><b>Unlike in the Northern Hemisphere, moss doesn't tend to grow on trees in what direction in South America?</b></td><td width=20px></td></tr><tr height = 20px></tr><tr><td width=20px></td><td style='text-align:center'>A. Direction A</td><td style='text-align:center'>C. Direction C</td><td width=20px></td></tr><tr height = 10px></tr><tr><td width=20px></td><td style='text-align:center'>B. Direction B</td><td style='text-align:center'>D. Direction D</td><td width=20px></td></tr><tr height = 20px></tr></table>  ",4,item
26,7,Extr_Pos,Extr,Pos,"Assuming that contestants could be expected to know the answer, how easy is it for you to imagine this as a <b>gameshow/quiz question</b>?","<table style='border: 1px solid black; border-collapse: collapse'><tr height = 20px></tr><tr><td width=20px></td><td colspan='2' style='text-align:center; vertical-align:middle'><b>Unlike in the Northern Hemisphere, in what direction does moss tend to grow on trees in South America?</b></td><td width=20px></td></tr><tr height = 20px></tr><tr><td width=20px></td><td style='text-align:center'>A. Direction A</td><td style='text-align:center'>C. Direction C</td><td width=20px></td></tr><tr height = 10px></tr><tr><td width=20px></td><td style='text-align:center'>B. Direction B</td><td style='text-align:center'>D. Direction D</td><td width=20px></td></tr><tr height = 20px></tr></table>  ",1,item
27,7,NoExtr_Pos,NoExtr,Pos,"Assuming that contestants could be expected to know the answer, how easy is it for you to imagine this as a <b>gameshow/quiz question</b>?","<table style='border: 1px solid black; border-collapse: collapse'><tr height = 20px></tr><tr><td width=20px></td><td colspan='2' style='text-align:center; vertical-align:middle'><b>Unlike in the Northern Hemisphere, moss tends to grow on trees in what direction in South America?</b></td><td width=20px></td></tr><tr height = 20px></tr><tr><td width=20px></td><td style='text-align:center'>A. Direction A</td><td style='text-align:center'>C. Direction C</td><td width=20px></td></tr><tr height = 10px></tr><tr><td width=20px></td><td style='text-align:center'>B. Direction B</td><td style='text-align:center'>D. Direction D</td><td width=20px></td></tr><tr height = 20px></tr></table>  ",2,item
28,8,Extr_Neg,Extr,Neg,"Assuming that contestants could be expected to know the answer, how easy is it for you to imagine this as a <b>gameshow/quiz question</b>?","<table style='border: 1px solid black; border-collapse: collapse'><tr height = 20px></tr><tr><td width=20px></td><td colspan='2' style='text-align:center; vertical-align:middle'><b>Since they've become an endangered species, how long aren't sea turtles expected to live in the wild?</b></td><td width=20px></td></tr><tr height = 20px></tr><tr><td width=20px></td><td style='text-align:center'>A. Duration A</td><td style='text-align:center'>C. Duration C</td><td width=20px></td></tr><tr height = 10px></tr><tr><td width=20px></td><td style='text-align:center'>B. Duration B</td><td style='text-align:center'>D. Duration D</td><td width=20px></td></tr><tr height = 20px></tr></table>  ",4,item
29,8,NoExtr_Neg,NoExtr,Neg,"Assuming that contestants could be expected to know the answer, how easy is it for you to imagine this as a <b>gameshow/quiz question</b>?","<table style='border: 1px solid black; border-collapse: collapse'><tr height = 20px></tr><tr><td width=20px></td><td colspan='2' style='text-align:center; vertical-align:middle'><b>Since they've become an endangered species, sea turtles aren't expected to live how long in the wild?</b></td><td width=20px></td></tr><tr height = 20px></tr><tr><td width=20px></td><td style='text-align:center'>A. Duration A</td><td style='text-align:center'>C. Duration C</td><td width=20px></td></tr><tr height = 10px></tr><tr><td width=20px></td><td style='text-align:center'>B. Duration B</td><td style='text-align:center'>D. Duration D</td><td width=20px></td></tr><tr height = 20px></tr></table>  ",1,item
30,8,Extr_Pos,Extr,Pos,"Assuming that contestants could be expected to know the answer, how easy is it for you to imagine this as a <b>gameshow/quiz question</b>?","<table style='border: 1px solid black; border-collapse: collapse'><tr height = 20px></tr><tr><td width=20px></td><td colspan='2' style='text-align:center; vertical-align:middle'><b>Since they've become an endangered species, how long are sea turtles expected to live in the wild?</b></td><td width=20px></td></tr><tr height = 20px></tr><tr><td width=20px></td><td style='text-align:center'>A. Duration A</td><td style='text-align:center'>C. Duration C</td><td width=20px></td></tr><tr height = 10px></tr><tr><td width=20px></td><td style='text-align:center'>B. Duration B</td><td style='text-align:center'>D. Duration D</td><td width=20px></td></tr><tr height = 20px></tr></table>  ",2,item
31,8,NoExtr_Pos,NoExtr,Pos,"Assuming that contestants could be expected to know the answer, how easy is it for you to imagine this as a <b>gameshow/quiz question</b>?","<table style='border: 1px solid black; border-collapse: collapse'><tr height = 20px></tr><tr><td width=20px></td><td colspan='2' style='text-align:center; vertical-align:middle'><b>Since they've become an endangered species, sea turtles are expected to live how long in the wild?</b></td><td width=20px></td></tr><tr height = 20px></tr><tr><td width=20px></td><td style='text-align:center'>A. Duration A</td><td style='text-align:center'>C. Duration C</td><td width=20px></td></tr><tr height = 10px></tr><tr><td width=20px></td><td style='text-align:center'>B. Duration B</td><td style='text-align:center'>D. Duration D</td><td width=20px></td></tr><tr height = 20px></tr></table>  ",3,item
32,1001,filler_good,NA,NA,"Assuming that contestants could be expected to know the answer, how easy is it for you to imagine this as a <b>gameshow/quiz question</b>?",<table style='border: 1px solid black; border-collapse: collapse'><tr height = 20px></tr><tr><td width=20px></td><td colspan='2' style='text-align:center; vertical-align:middle'><b>The CEO of Apple opposed the new budget because of which of these unpopular fiscal policies?</b></td><td width=20px></td></tr><tr height = 20px></tr><tr><td width=20px></td><td style='text-align:center'>A. Policy A</td><td style='text-align:center'>C. Policy C</td><td width=20px></td></tr><tr height = 10px></tr><tr><td width=20px></td><td style='text-align:center'>B. Policy B</td><td style='text-align:center'>D. Policy D</td><td width=20px></td></tr><tr height = 20px></tr></table>  ,1,filler
33,1002,filler_good,NA,NA,"Assuming that contestants could be expected to know the answer, how easy is it for you to imagine this as a <b>gameshow/quiz question</b>?",<table style='border: 1px solid black; border-collapse: collapse'><tr height = 20px></tr><tr><td width=20px></td><td colspan='2' style='text-align:center; vertical-align:middle'><b>The seventh president of the US spent time in which of these states after serving in the military?</b></td><td width=20px></td></tr><tr height = 20px></tr><tr><td width=20px></td><td style='text-align:center'>A. State A</td><td style='text-align:center'>C. State C</td><td width=20px></td></tr><tr height = 10px></tr><tr><td width=20px></td><td style='text-align:center'>B. State B</td><td style='text-align:center'>D. State D</td><td width=20px></td></tr><tr height = 20px></tr></table>  ,1,filler
34,1003,filler_good,NA,NA,"Assuming that contestants could be expected to know the answer, how easy is it for you to imagine this as a <b>gameshow/quiz question</b>?",<table style='border: 1px solid black; border-collapse: collapse'><tr height = 20px></tr><tr><td width=20px></td><td colspan='2' style='text-align:center; vertical-align:middle'><b>Which of these projects did Thomas Edison spend his final years working on before giving up?</b></td><td width=20px></td></tr><tr height = 20px></tr><tr><td width=20px></td><td style='text-align:center'>A. Project A</td><td style='text-align:center'>C. Project C</td><td width=20px></td></tr><tr height = 10px></tr><tr><td width=20px></td><td style='text-align:center'>B. Project B</td><td style='text-align:center'>D. Project D</td><td width=20px></td></tr><tr height = 20px></tr></table>  ,1,filler
35,1004,filler_good,NA,NA,"Assuming that contestants could be expected to know the answer, how easy is it for you to imagine this as a <b>gameshow/quiz question</b>?",<table style='border: 1px solid black; border-collapse: collapse'><tr height = 20px></tr><tr><td width=20px></td><td colspan='2' style='text-align:center; vertical-align:middle'><b>Which of these laws do quiz contestants often admit to being ignorant of when they file their taxes?</b></td><td width=20px></td></tr><tr height = 20px></tr><tr><td width=20px></td><td style='text-align:center'>A. Law A</td><td style='text-align:center'>C. Law C</td><td width=20px></td></tr><tr height = 10px></tr><tr><td width=20px></td><td style='text-align:center'>B. Law B</td><td style='text-align:center'>D. Law D</td><td width=20px></td></tr><tr height = 20px></tr></table>  ,1,filler
36,1001,filler_good,NA,NA,"Assuming that contestants could be expected to know the answer, how easy is it for you to imagine this as a <b>gameshow/quiz question</b>?",<table style='border: 1px solid black; border-collapse: collapse'><tr height = 20px></tr><tr><td width=20px></td><td colspan='2' style='text-align:center; vertical-align:middle'><b>The CEO of Apple opposed the new budget because of which of these unpopular fiscal policies?</b></td><td width=20px></td></tr><tr height = 20px></tr><tr><td width=20px></td><td style='text-align:center'>A. Policy A</td><td style='text-align:center'>C. Policy C</td><td width=20px></td></tr><tr height = 10px></tr><tr><td width=20px></td><td style='text-align:center'>B. Policy B</td><td style='text-align:center'>D. Policy D</td><td width=20px></td></tr><tr height = 20px></tr></table>  ,2,filler
37,1002,filler_good,NA,NA,"Assuming that contestants could be expected to know the answer, how easy is it for you to imagine this as a <b>gameshow/quiz question</b>?",<table style='border: 1px solid black; border-collapse: collapse'><tr height = 20px></tr><tr><td width=20px></td><td colspan='2' style='text-align:center; vertical-align:middle'><b>The seventh president of the US spent time in which of these states after serving in the military?</b></td><td width=20px></td></tr><tr height = 20px></tr><tr><td width=20px></td><td style='text-align:center'>A. State A</td><td style='text-align:center'>C. State C</td><td width=20px></td></tr><tr height = 10px></tr><tr><td width=20px></td><td style='text-align:center'>B. State B</td><td style='text-align:center'>D. State D</td><td width=20px></td></tr><tr height = 20px></tr></table>  ,2,filler
38,1003,filler_good,NA,NA,"Assuming that contestants could be expected to know the answer, how easy is it for you to imagine this as a <b>gameshow/quiz question</b>?",<table style='border: 1px solid black; border-collapse: collapse'><tr height = 20px></tr><tr><td width=20px></td><td colspan='2' style='text-align:center; vertical-align:middle'><b>Which of these projects did Thomas Edison spend his final years working on before giving up?</b></td><td width=20px></td></tr><tr height = 20px></tr><tr><td width=20px></td><td style='text-align:center'>A. Project A</td><td style='text-align:center'>C. Project C</td><td width=20px></td></tr><tr height = 10px></tr><tr><td width=20px></td><td style='text-align:center'>B. Project B</td><td style='text-align:center'>D. Project D</td><td width=20px></td></tr><tr height = 20px></tr></table>  ,2,filler
39,1004,filler_good,NA,NA,"Assuming that contestants could be expected to know the answer, how easy is it for you to imagine this as a <b>gameshow/quiz question</b>?",<table style='border: 1px solid black; border-collapse: collapse'><tr height = 20px></tr><tr><td width=20px></td><td colspan='2' style='text-align:center; vertical-align:middle'><b>Which of these laws do quiz contestants often admit to being ignorant of when they file their taxes?</b></td><td width=20px></td></tr><tr height = 20px></tr><tr><td width=20px></td><td style='text-align:center'>A. Law A</td><td style='text-align:center'>C. Law C</td><td width=20px></td></tr><tr height = 10px></tr><tr><td width=20px></td><td style='text-align:center'>B. Law B</td><td style='text-align:center'>D. Law D</td><td width=20px></td></tr><tr height = 20px></tr></table>  ,2,filler
40,1001,filler_good,NA,NA,"Assuming that contestants could be expected to know the answer, how easy is it for you to imagine this as a <b>gameshow/quiz question</b>?",<table style='border: 1px solid black; border-collapse: collapse'><tr height = 20px></tr><tr><td width=20px></td><td colspan='2' style='text-align:center; vertical-align:middle'><b>The CEO of Apple opposed the new budget because of which of these unpopular fiscal policies?</b></td><td width=20px></td></tr><tr height = 20px></tr><tr><td width=20px></td><td style='text-align:center'>A. Policy A</td><td style='text-align:center'>C. Policy C</td><td width=20px></td></tr><tr height = 10px></tr><tr><td width=20px></td><td style='text-align:center'>B. Policy B</td><td style='text-align:center'>D. Policy D</td><td width=20px></td></tr><tr height = 20px></tr></table>  ,3,filler
41,1002,filler_good,NA,NA,"Assuming that contestants could be expected to know the answer, how easy is it for you to imagine this as a <b>gameshow/quiz question</b>?",<table style='border: 1px solid black; border-collapse: collapse'><tr height = 20px></tr><tr><td width=20px></td><td colspan='2' style='text-align:center; vertical-align:middle'><b>The seventh president of the US spent time in which of these states after serving in the military?</b></td><td width=20px></td></tr><tr height = 20px></tr><tr><td width=20px></td><td style='text-align:center'>A. State A</td><td style='text-align:center'>C. State C</td><td width=20px></td></tr><tr height = 10px></tr><tr><td width=20px></td><td style='text-align:center'>B. State B</td><td style='text-align:center'>D. State D</td><td width=20px></td></tr><tr height = 20px></tr></table>  ,3,filler
42,1003,filler_good,NA,NA,"Assuming that contestants could be expected to know the answer, how easy is it for you to imagine this as a <b>gameshow/quiz question</b>?",<table style='border: 1px solid black; border-collapse: collapse'><tr height = 20px></tr><tr><td width=20px></td><td colspan='2' style='text-align:center; vertical-align:middle'><b>Which of these projects did Thomas Edison spend his final years working on before giving up?</b></td><td width=20px></td></tr><tr height = 20px></tr><tr><td width=20px></td><td style='text-align:center'>A. Project A</td><td style='text-align:center'>C. Project C</td><td width=20px></td></tr><tr height = 10px></tr><tr><td width=20px></td><td style='text-align:center'>B. Project B</td><td style='text-align:center'>D. Project D</td><td width=20px></td></tr><tr height = 20px></tr></table>  ,3,filler
43,1004,filler_good,NA,NA,"Assuming that contestants could be expected to know the answer, how easy is it for you to imagine this as a <b>gameshow/quiz question</b>?",<table style='border: 1px solid black; border-collapse: collapse'><tr height = 20px></tr><tr><td width=20px></td><td colspan='2' style='text-align:center; vertical-align:middle'><b>Which of these laws do quiz contestants often admit to being ignorant of when they file their taxes?</b></td><td width=20px></td></tr><tr height = 20px></tr><tr><td width=20px></td><td style='text-align:center'>A. Law A</td><td style='text-align:center'>C. Law C</td><td width=20px></td></tr><tr height = 10px></tr><tr><td width=20px></td><td style='text-align:center'>B. Law B</td><td style='text-align:center'>D. Law D</td><td width=20px></td></tr><tr height = 20px></tr></table>  ,3,filler
44,1001,filler_good,NA,NA,"Assuming that contestants could be expected to know the answer, how easy is it for you to imagine this as a <b>gameshow/quiz question</b>?",<table style='border: 1px solid black; border-collapse: collapse'><tr height = 20px></tr><tr><td width=20px></td><td colspan='2' style='text-align:center; vertical-align:middle'><b>The CEO of Apple opposed the new budget because of which of these unpopular fiscal policies?</b></td><td width=20px></td></tr><tr height = 20px></tr><tr><td width=20px></td><td style='text-align:center'>A. Policy A</td><td style='text-align:center'>C. Policy C</td><td width=20px></td></tr><tr height = 10px></tr><tr><td width=20px></td><td style='text-align:center'>B. Policy B</td><td style='text-align:center'>D. Policy D</td><td width=20px></td></tr><tr height = 20px></tr></table>  ,4,filler
45,1002,filler_good,NA,NA,"Assuming that contestants could be expected to know the answer, how easy is it for you to imagine this as a <b>gameshow/quiz question</b>?",<table style='border: 1px solid black; border-collapse: collapse'><tr height = 20px></tr><tr><td width=20px></td><td colspan='2' style='text-align:center; vertical-align:middle'><b>The seventh president of the US spent time in which of these states after serving in the military?</b></td><td width=20px></td></tr><tr height = 20px></tr><tr><td width=20px></td><td style='text-align:center'>A. State A</td><td style='text-align:center'>C. State C</td><td width=20px></td></tr><tr height = 10px></tr><tr><td width=20px></td><td style='text-align:center'>B. State B</td><td style='text-align:center'>D. State D</td><td width=20px></td></tr><tr height = 20px></tr></table>  ,4,filler
46,1003,filler_good,NA,NA,"Assuming that contestants could be expected to know the answer, how easy is it for you to imagine this as a <b>gameshow/quiz question</b>?",<table style='border: 1px solid black; border-collapse: collapse'><tr height = 20px></tr><tr><td width=20px></td><td colspan='2' style='text-align:center; vertical-align:middle'><b>Which of these projects did Thomas Edison spend his final years working on before giving up?</b></td><td width=20px></td></tr><tr height = 20px></tr><tr><td width=20px></td><td style='text-align:center'>A. Project A</td><td style='text-align:center'>C. Project C</td><td width=20px></td></tr><tr height = 10px></tr><tr><td width=20px></td><td style='text-align:center'>B. Project B</td><td style='text-align:center'>D. Project D</td><td width=20px></td></tr><tr height = 20px></tr></table>  ,4,filler
47,1004,filler_good,NA,NA,"Assuming that contestants could be expected to know the answer, how easy is it for you to imagine this as a <b>gameshow/quiz question</b>?",<table style='border: 1px solid black; border-collapse: collapse'><tr height = 20px></tr><tr><td width=20px></td><td colspan='2' style='text-align:center; vertical-align:middle'><b>Which of these laws do quiz contestants often admit to being ignorant of when they file their taxes?</b></td><td width=20px></td></tr><tr height = 20px></tr><tr><td width=20px></td><td style='text-align:center'>A. Law A</td><td style='text-align:center'>C. Law C</td><td width=20px></td></tr><tr height = 10px></tr><tr><td width=20px></td><td style='text-align:center'>B. Law B</td><td style='text-align:center'>D. Law D</td><td width=20px></td></tr><tr height = 20px></tr></table>  ,4,filler
48,1005,filler_ok,NA,NA,"Assuming that contestants could be expected to know the answer, how easy is it for you to imagine this as a <b>gameshow/quiz question</b>?",<table style='border: 1px solid black; border-collapse: collapse'><tr height = 20px></tr><tr><td width=20px></td><td colspan='2' style='text-align:center; vertical-align:middle'><b>Which of these books did Stephen King vehemently denounce before praising on public television?</b></td><td width=20px></td></tr><tr height = 20px></tr><tr><td width=20px></td><td style='text-align:center'>A. Book A</td><td style='text-align:center'>C. Book C</td><td width=20px></td></tr><tr height = 10px></tr><tr><td width=20px></td><td style='text-align:center'>B. Book B</td><td style='text-align:center'>D. Book D</td><td width=20px></td></tr><tr height = 20px></tr></table>  ,1,filler
49,1006,filler_ok,NA,NA,"Assuming that contestants could be expected to know the answer, how easy is it for you to imagine this as a <b>gameshow/quiz question</b>?",<table style='border: 1px solid black; border-collapse: collapse'><tr height = 20px></tr><tr><td width=20px></td><td colspan='2' style='text-align:center; vertical-align:middle'><b>Which of these mountains did two famous alpinists write a book about before climbing together last May?</b></td><td width=20px></td></tr><tr height = 20px></tr><tr><td width=20px></td><td style='text-align:center'>A. Mountain A</td><td style='text-align:center'>C. Mountain C</td><td width=20px></td></tr><tr height = 10px></tr><tr><td width=20px></td><td style='text-align:center'>B. Mountain B</td><td style='text-align:center'>D. Mountain D</td><td width=20px></td></tr><tr height = 20px></tr></table>  ,1,filler
50,1007,filler_ok,NA,NA,"Assuming that contestants could be expected to know the answer, how easy is it for you to imagine this as a <b>gameshow/quiz question</b>?",<table style='border: 1px solid black; border-collapse: collapse'><tr height = 20px></tr><tr><td width=20px></td><td colspan='2' style='text-align:center; vertical-align:middle'><b>The manager of Ross Perot's 1992 presidential campaign revealed which of these serious crimes that he was guilty of?</b></td><td width=20px></td></tr><tr height = 20px></tr><tr><td width=20px></td><td style='text-align:center'>A. Crime A</td><td style='text-align:center'>C. Crime C</td><td width=20px></td></tr><tr height = 10px></tr><tr><td width=20px></td><td style='text-align:center'>B. Crime B</td><td style='text-align:center'>D. Crime D</td><td width=20px></td></tr><tr height = 20px></tr></table>  ,1,filler
51,1008,filler_ok,NA,NA,"Assuming that contestants could be expected to know the answer, how easy is it for you to imagine this as a <b>gameshow/quiz question</b>?",<table style='border: 1px solid black; border-collapse: collapse'><tr height = 20px></tr><tr><td width=20px></td><td colspan='2' style='text-align:center; vertical-align:middle'><b>The conductor of the NY Philharmonic famously claims that cello is easy to play which of these difficult solos on?</b></td><td width=20px></td></tr><tr height = 20px></tr><tr><td width=20px></td><td style='text-align:center'>A. Solo A</td><td style='text-align:center'>C. Solo C</td><td width=20px></td></tr><tr height = 10px></tr><tr><td width=20px></td><td style='text-align:center'>B. Solo B</td><td style='text-align:center'>D. Solo D</td><td width=20px></td></tr><tr height = 20px></tr></table>  ,1,filler
52,1005,filler_ok,NA,NA,"Assuming that contestants could be expected to know the answer, how easy is it for you to imagine this as a <b>gameshow/quiz question</b>?",<table style='border: 1px solid black; border-collapse: collapse'><tr height = 20px></tr><tr><td width=20px></td><td colspan='2' style='text-align:center; vertical-align:middle'><b>Which of these books did Stephen King vehemently denounce before praising on public television?</b></td><td width=20px></td></tr><tr height = 20px></tr><tr><td width=20px></td><td style='text-align:center'>A. Book A</td><td style='text-align:center'>C. Book C</td><td width=20px></td></tr><tr height = 10px></tr><tr><td width=20px></td><td style='text-align:center'>B. Book B</td><td style='text-align:center'>D. Book D</td><td width=20px></td></tr><tr height = 20px></tr></table>  ,2,filler
53,1006,filler_ok,NA,NA,"Assuming that contestants could be expected to know the answer, how easy is it for you to imagine this as a <b>gameshow/quiz question</b>?",<table style='border: 1px solid black; border-collapse: collapse'><tr height = 20px></tr><tr><td width=20px></td><td colspan='2' style='text-align:center; vertical-align:middle'><b>Which of these mountains did two famous alpinists write a book about before climbing together last May?</b></td><td width=20px></td></tr><tr height = 20px></tr><tr><td width=20px></td><td style='text-align:center'>A. Mountain A</td><td style='text-align:center'>C. Mountain C</td><td width=20px></td></tr><tr height = 10px></tr><tr><td width=20px></td><td style='text-align:center'>B. Mountain B</td><td style='text-align:center'>D. Mountain D</td><td width=20px></td></tr><tr height = 20px></tr></table>  ,2,filler
54,1007,filler_ok,NA,NA,"Assuming that contestants could be expected to know the answer, how easy is it for you to imagine this as a <b>gameshow/quiz question</b>?",<table style='border: 1px solid black; border-collapse: collapse'><tr height = 20px></tr><tr><td width=20px></td><td colspan='2' style='text-align:center; vertical-align:middle'><b>The manager of Ross Perot's 1992 presidential campaign revealed which of these serious crimes that he was guilty of?</b></td><td width=20px></td></tr><tr height = 20px></tr><tr><td width=20px></td><td style='text-align:center'>A. Crime A</td><td style='text-align:center'>C. Crime C</td><td width=20px></td></tr><tr height = 10px></tr><tr><td width=20px></td><td style='text-align:center'>B. Crime B</td><td style='text-align:center'>D. Crime D</td><td width=20px></td></tr><tr height = 20px></tr></table>  ,2,filler
55,1008,filler_ok,NA,NA,"Assuming that contestants could be expected to know the answer, how easy is it for you to imagine this as a <b>gameshow/quiz question</b>?",<table style='border: 1px solid black; border-collapse: collapse'><tr height = 20px></tr><tr><td width=20px></td><td colspan='2' style='text-align:center; vertical-align:middle'><b>The conductor of the NY Philharmonic famously claims that cello is easy to play which of these difficult solos on?</b></td><td width=20px></td></tr><tr height = 20px></tr><tr><td width=20px></td><td style='text-align:center'>A. Solo A</td><td style='text-align:center'>C. Solo C</td><td width=20px></td></tr><tr height = 10px></tr><tr><td width=20px></td><td style='text-align:center'>B. Solo B</td><td style='text-align:center'>D. Solo D</td><td width=20px></td></tr><tr height = 20px></tr></table>  ,2,filler
56,1005,filler_ok,NA,NA,"Assuming that contestants could be expected to know the answer, how easy is it for you to imagine this as a <b>gameshow/quiz question</b>?",<table style='border: 1px solid black; border-collapse: collapse'><tr height = 20px></tr><tr><td width=20px></td><td colspan='2' style='text-align:center; vertical-align:middle'><b>Which of these books did Stephen King vehemently denounce before praising on public television?</b></td><td width=20px></td></tr><tr height = 20px></tr><tr><td width=20px></td><td style='text-align:center'>A. Book A</td><td style='text-align:center'>C. Book C</td><td width=20px></td></tr><tr height = 10px></tr><tr><td width=20px></td><td style='text-align:center'>B. Book B</td><td style='text-align:center'>D. Book D</td><td width=20px></td></tr><tr height = 20px></tr></table>  ,3,filler
57,1006,filler_ok,NA,NA,"Assuming that contestants could be expected to know the answer, how easy is it for you to imagine this as a <b>gameshow/quiz question</b>?",<table style='border: 1px solid black; border-collapse: collapse'><tr height = 20px></tr><tr><td width=20px></td><td colspan='2' style='text-align:center; vertical-align:middle'><b>Which of these mountains did two famous alpinists write a book about before climbing together last May?</b></td><td width=20px></td></tr><tr height = 20px></tr><tr><td width=20px></td><td style='text-align:center'>A. Mountain A</td><td style='text-align:center'>C. Mountain C</td><td width=20px></td></tr><tr height = 10px></tr><tr><td width=20px></td><td style='text-align:center'>B. Mountain B</td><td style='text-align:center'>D. Mountain D</td><td width=20px></td></tr><tr height = 20px></tr></table>  ,3,filler
58,1007,filler_ok,NA,NA,"Assuming that contestants could be expected to know the answer, how easy is it for you to imagine this as a <b>gameshow/quiz question</b>?",<table style='border: 1px solid black; border-collapse: collapse'><tr height = 20px></tr><tr><td width=20px></td><td colspan='2' style='text-align:center; vertical-align:middle'><b>The manager of Ross Perot's 1992 presidential campaign revealed which of these serious crimes that he was guilty of?</b></td><td width=20px></td></tr><tr height = 20px></tr><tr><td width=20px></td><td style='text-align:center'>A. Crime A</td><td style='text-align:center'>C. Crime C</td><td width=20px></td></tr><tr height = 10px></tr><tr><td width=20px></td><td style='text-align:center'>B. Crime B</td><td style='text-align:center'>D. Crime D</td><td width=20px></td></tr><tr height = 20px></tr></table>  ,3,filler
59,1008,filler_ok,NA,NA,"Assuming that contestants could be expected to know the answer, how easy is it for you to imagine this as a <b>gameshow/quiz question</b>?",<table style='border: 1px solid black; border-collapse: collapse'><tr height = 20px></tr><tr><td width=20px></td><td colspan='2' style='text-align:center; vertical-align:middle'><b>The conductor of the NY Philharmonic famously claims that cello is easy to play which of these difficult solos on?</b></td><td width=20px></td></tr><tr height = 20px></tr><tr><td width=20px></td><td style='text-align:center'>A. Solo A</td><td style='text-align:center'>C. Solo C</td><td width=20px></td></tr><tr height = 10px></tr><tr><td width=20px></td><td style='text-align:center'>B. Solo B</td><td style='text-align:center'>D. Solo D</td><td width=20px></td></tr><tr height = 20px></tr></table>  ,3,filler
60,1005,filler_ok,NA,NA,"Assuming that contestants could be expected to know the answer, how easy is it for you to imagine this as a <b>gameshow/quiz question</b>?",<table style='border: 1px solid black; border-collapse: collapse'><tr height = 20px></tr><tr><td width=20px></td><td colspan='2' style='text-align:center; vertical-align:middle'><b>Which of these books did Stephen King vehemently denounce before praising on public television?</b></td><td width=20px></td></tr><tr height = 20px></tr><tr><td width=20px></td><td style='text-align:center'>A. Book A</td><td style='text-align:center'>C. Book C</td><td width=20px></td></tr><tr height = 10px></tr><tr><td width=20px></td><td style='text-align:center'>B. Book B</td><td style='text-align:center'>D. Book D</td><td width=20px></td></tr><tr height = 20px></tr></table>  ,4,filler
61,1006,filler_ok,NA,NA,"Assuming that contestants could be expected to know the answer, how easy is it for you to imagine this as a <b>gameshow/quiz question</b>?",<table style='border: 1px solid black; border-collapse: collapse'><tr height = 20px></tr><tr><td width=20px></td><td colspan='2' style='text-align:center; vertical-align:middle'><b>Which of these mountains did two famous alpinists write a book about before climbing together last May?</b></td><td width=20px></td></tr><tr height = 20px></tr><tr><td width=20px></td><td style='text-align:center'>A. Mountain A</td><td style='text-align:center'>C. Mountain C</td><td width=20px></td></tr><tr height = 10px></tr><tr><td width=20px></td><td style='text-align:center'>B. Mountain B</td><td style='text-align:center'>D. Mountain D</td><td width=20px></td></tr><tr height = 20px></tr></table>  ,4,filler
62,1007,filler_ok,NA,NA,"Assuming that contestants could be expected to know the answer, how easy is it for you to imagine this as a <b>gameshow/quiz question</b>?",<table style='border: 1px solid black; border-collapse: collapse'><tr height = 20px></tr><tr><td width=20px></td><td colspan='2' style='text-align:center; vertical-align:middle'><b>The manager of Ross Perot's 1992 presidential campaign revealed which of these serious crimes that he was guilty of?</b></td><td width=20px></td></tr><tr height = 20px></tr><tr><td width=20px></td><td style='text-align:center'>A. Crime A</td><td style='text-align:center'>C. Crime C</td><td width=20px></td></tr><tr height = 10px></tr><tr><td width=20px></td><td style='text-align:center'>B. Crime B</td><td style='text-align:center'>D. Crime D</td><td width=20px></td></tr><tr height = 20px></tr></table>  ,4,filler
63,1008,filler_ok,NA,NA,"Assuming that contestants could be expected to know the answer, how easy is it for you to imagine this as a <b>gameshow/quiz question</b>?",<table style='border: 1px solid black; border-collapse: collapse'><tr height = 20px></tr><tr><td width=20px></td><td colspan='2' style='text-align:center; vertical-align:middle'><b>The conductor of the NY Philharmonic famously claims that cello is easy to play which of these difficult solos on?</b></td><td width=20px></td></tr><tr height = 20px></tr><tr><td width=20px></td><td style='text-align:center'>A. Solo A</td><td style='text-align:center'>C. Solo C</td><td width=20px></td></tr><tr height = 10px></tr><tr><td width=20px></td><td style='text-align:center'>B. Solo B</td><td style='text-align:center'>D. Solo D</td><td width=20px></td></tr><tr height = 20px></tr></table>  ,4,filler
64,1009,filler_bad,NA,NA,"Assuming that contestants could be expected to know the answer, how easy is it for you to imagine this as a <b>gameshow/quiz question</b>?",<table style='border: 1px solid black; border-collapse: collapse'><tr height = 20px></tr><tr><td width=20px></td><td colspan='2' style='text-align:center; vertical-align:middle'><b>The winner of the 2003 Booker Prize claimed the committee should have awarded to which of these nominees it?</b></td><td width=20px></td></tr><tr height = 20px></tr><tr><td width=20px></td><td style='text-align:center'>A. Contestant A</td><td style='text-align:center'>C. Contestant C</td><td width=20px></td></tr><tr height = 10px></tr><tr><td width=20px></td><td style='text-align:center'>B. Contestant B</td><td style='text-align:center'>D. Contestant D</td><td width=20px></td></tr><tr height = 20px></tr></table>  ,1,filler
65,1010,filler_bad,NA,NA,"Assuming that contestants could be expected to know the answer, how easy is it for you to imagine this as a <b>gameshow/quiz question</b>?",<table style='border: 1px solid black; border-collapse: collapse'><tr height = 20px></tr><tr><td width=20px></td><td colspan='2' style='text-align:center; vertical-align:middle'><b>The first sentence in the Torah declares whose which of these celestial bodies to have been created by?</b></td><td width=20px></td></tr><tr height = 20px></tr><tr><td width=20px></td><td style='text-align:center'>A. Body A</td><td style='text-align:center'>C. Body C</td><td width=20px></td></tr><tr height = 10px></tr><tr><td width=20px></td><td style='text-align:center'>B. Body B</td><td style='text-align:center'>D. Body D</td><td width=20px></td></tr><tr height = 20px></tr></table>  ,1,filler
66,1011,filler_bad,NA,NA,"Assuming that contestants could be expected to know the answer, how easy is it for you to imagine this as a <b>gameshow/quiz question</b>?",<table style='border: 1px solid black; border-collapse: collapse'><tr height = 20px></tr><tr><td width=20px></td><td colspan='2' style='text-align:center; vertical-align:middle'><b>Which of these accounts did Microsoft hire a new financial analyst in 2001 who had worked on with the CFO?</b></td><td width=20px></td></tr><tr height = 20px></tr><tr><td width=20px></td><td style='text-align:center'>A. Account A</td><td style='text-align:center'>C. Account C</td><td width=20px></td></tr><tr height = 10px></tr><tr><td width=20px></td><td style='text-align:center'>B. Account B</td><td style='text-align:center'>D. Account D</td><td width=20px></td></tr><tr height = 20px></tr></table>  ,1,filler
67,1012,filler_bad,NA,NA,"Assuming that contestants could be expected to know the answer, how easy is it for you to imagine this as a <b>gameshow/quiz question</b>?",<table style='border: 1px solid black; border-collapse: collapse'><tr height = 20px></tr><tr><td width=20px></td><td colspan='2' style='text-align:center; vertical-align:middle'><b>Which of these routes was Royal Caribbean sued in 2008 for recommending a tour that almost always used?</b></td><td width=20px></td></tr><tr height = 20px></tr><tr><td width=20px></td><td style='text-align:center'>A. Route A</td><td style='text-align:center'>C. Route C</td><td width=20px></td></tr><tr height = 10px></tr><tr><td width=20px></td><td style='text-align:center'>B. Route B</td><td style='text-align:center'>D. Route D</td><td width=20px></td></tr><tr height = 20px></tr></table>  ,1,filler
68,1009,filler_bad,NA,NA,"Assuming that contestants could be expected to know the answer, how easy is it for you to imagine this as a <b>gameshow/quiz question</b>?",<table style='border: 1px solid black; border-collapse: collapse'><tr height = 20px></tr><tr><td width=20px></td><td colspan='2' style='text-align:center; vertical-align:middle'><b>The winner of the 2003 Booker Prize claimed the committee should have awarded to which of these nominees it?</b></td><td width=20px></td></tr><tr height = 20px></tr><tr><td width=20px></td><td style='text-align:center'>A. Contestant A</td><td style='text-align:center'>C. Contestant C</td><td width=20px></td></tr><tr height = 10px></tr><tr><td width=20px></td><td style='text-align:center'>B. Contestant B</td><td style='text-align:center'>D. Contestant D</td><td width=20px></td></tr><tr height = 20px></tr></table>  ,2,filler
69,1010,filler_bad,NA,NA,"Assuming that contestants could be expected to know the answer, how easy is it for you to imagine this as a <b>gameshow/quiz question</b>?",<table style='border: 1px solid black; border-collapse: collapse'><tr height = 20px></tr><tr><td width=20px></td><td colspan='2' style='text-align:center; vertical-align:middle'><b>The first sentence in the Torah declares whose which of these celestial bodies to have been created by?</b></td><td width=20px></td></tr><tr height = 20px></tr><tr><td width=20px></td><td style='text-align:center'>A. Body A</td><td style='text-align:center'>C. Body C</td><td width=20px></td></tr><tr height = 10px></tr><tr><td width=20px></td><td style='text-align:center'>B. Body B</td><td style='text-align:center'>D. Body D</td><td width=20px></td></tr><tr height = 20px></tr></table>  ,2,filler
70,1011,filler_bad,NA,NA,"Assuming that contestants could be expected to know the answer, how easy is it for you to imagine this as a <b>gameshow/quiz question</b>?",<table style='border: 1px solid black; border-collapse: collapse'><tr height = 20px></tr><tr><td width=20px></td><td colspan='2' style='text-align:center; vertical-align:middle'><b>Which of these accounts did Microsoft hire a new financial analyst in 2001 who had worked on with the CFO?</b></td><td width=20px></td></tr><tr height = 20px></tr><tr><td width=20px></td><td style='text-align:center'>A. Account A</td><td style='text-align:center'>C. Account C</td><td width=20px></td></tr><tr height = 10px></tr><tr><td width=20px></td><td style='text-align:center'>B. Account B</td><td style='text-align:center'>D. Account D</td><td width=20px></td></tr><tr height = 20px></tr></table>  ,2,filler
71,1012,filler_bad,NA,NA,"Assuming that contestants could be expected to know the answer, how easy is it for you to imagine this as a <b>gameshow/quiz question</b>?",<table style='border: 1px solid black; border-collapse: collapse'><tr height = 20px></tr><tr><td width=20px></td><td colspan='2' style='text-align:center; vertical-align:middle'><b>Which of these routes was Royal Caribbean sued in 2008 for recommending a tour that almost always used?</b></td><td width=20px></td></tr><tr height = 20px></tr><tr><td width=20px></td><td style='text-align:center'>A. Route A</td><td style='text-align:center'>C. Route C</td><td width=20px></td></tr><tr height = 10px></tr><tr><td width=20px></td><td style='text-align:center'>B. Route B</td><td style='text-align:center'>D. Route D</td><td width=20px></td></tr><tr height = 20px></tr></table>  ,2,filler
72,1009,filler_bad,NA,NA,"Assuming that contestants could be expected to know the answer, how easy is it for you to imagine this as a <b>gameshow/quiz question</b>?",<table style='border: 1px solid black; border-collapse: collapse'><tr height = 20px></tr><tr><td width=20px></td><td colspan='2' style='text-align:center; vertical-align:middle'><b>The winner of the 2003 Booker Prize claimed the committee should have awarded to which of these nominees it?</b></td><td width=20px></td></tr><tr height = 20px></tr><tr><td width=20px></td><td style='text-align:center'>A. Contestant A</td><td style='text-align:center'>C. Contestant C</td><td width=20px></td></tr><tr height = 10px></tr><tr><td width=20px></td><td style='text-align:center'>B. Contestant B</td><td style='text-align:center'>D. Contestant D</td><td width=20px></td></tr><tr height = 20px></tr></table>  ,3,filler
73,1010,filler_bad,NA,NA,"Assuming that contestants could be expected to know the answer, how easy is it for you to imagine this as a <b>gameshow/quiz question</b>?",<table style='border: 1px solid black; border-collapse: collapse'><tr height = 20px></tr><tr><td width=20px></td><td colspan='2' style='text-align:center; vertical-align:middle'><b>The first sentence in the Torah declares whose which of these celestial bodies to have been created by?</b></td><td width=20px></td></tr><tr height = 20px></tr><tr><td width=20px></td><td style='text-align:center'>A. Body A</td><td style='text-align:center'>C. Body C</td><td width=20px></td></tr><tr height = 10px></tr><tr><td width=20px></td><td style='text-align:center'>B. Body B</td><td style='text-align:center'>D. Body D</td><td width=20px></td></tr><tr height = 20px></tr></table>  ,3,filler
74,1011,filler_bad,NA,NA,"Assuming that contestants could be expected to know the answer, how easy is it for you to imagine this as a <b>gameshow/quiz question</b>?",<table style='border: 1px solid black; border-collapse: collapse'><tr height = 20px></tr><tr><td width=20px></td><td colspan='2' style='text-align:center; vertical-align:middle'><b>Which of these accounts did Microsoft hire a new financial analyst in 2001 who had worked on with the CFO?</b></td><td width=20px></td></tr><tr height = 20px></tr><tr><td width=20px></td><td style='text-align:center'>A. Account A</td><td style='text-align:center'>C. Account C</td><td width=20px></td></tr><tr height = 10px></tr><tr><td width=20px></td><td style='text-align:center'>B. Account B</td><td style='text-align:center'>D. Account D</td><td width=20px></td></tr><tr height = 20px></tr></table>  ,3,filler
75,1012,filler_bad,NA,NA,"Assuming that contestants could be expected to know the answer, how easy is it for you to imagine this as a <b>gameshow/quiz question</b>?",<table style='border: 1px solid black; border-collapse: collapse'><tr height = 20px></tr><tr><td width=20px></td><td colspan='2' style='text-align:center; vertical-align:middle'><b>Which of these routes was Royal Caribbean sued in 2008 for recommending a tour that almost always used?</b></td><td width=20px></td></tr><tr height = 20px></tr><tr><td width=20px></td><td style='text-align:center'>A. Route A</td><td style='text-align:center'>C. Route C</td><td width=20px></td></tr><tr height = 10px></tr><tr><td width=20px></td><td style='text-align:center'>B. Route B</td><td style='text-align:center'>D. Route D</td><td width=20px></td></tr><tr height = 20px></tr></table>  ,3,filler
76,1009,filler_bad,NA,NA,"Assuming that contestants could be expected to know the answer, how easy is it for you to imagine this as a <b>gameshow/quiz question</b>?",<table style='border: 1px solid black; border-collapse: collapse'><tr height = 20px></tr><tr><td width=20px></td><td colspan='2' style='text-align:center; vertical-align:middle'><b>The winner of the 2003 Booker Prize claimed the committee should have awarded to which of these nominees it?</b></td><td width=20px></td></tr><tr height = 20px></tr><tr><td width=20px></td><td style='text-align:center'>A. Contestant A</td><td style='text-align:center'>C. Contestant C</td><td width=20px></td></tr><tr height = 10px></tr><tr><td width=20px></td><td style='text-align:center'>B. Contestant B</td><td style='text-align:center'>D. Contestant D</td><td width=20px></td></tr><tr height = 20px></tr></table>  ,4,filler
77,1010,filler_bad,NA,NA,"Assuming that contestants could be expected to know the answer, how easy is it for you to imagine this as a <b>gameshow/quiz question</b>?",<table style='border: 1px solid black; border-collapse: collapse'><tr height = 20px></tr><tr><td width=20px></td><td colspan='2' style='text-align:center; vertical-align:middle'><b>The first sentence in the Torah declares whose which of these celestial bodies to have been created by?</b></td><td width=20px></td></tr><tr height = 20px></tr><tr><td width=20px></td><td style='text-align:center'>A. Body A</td><td style='text-align:center'>C. Body C</td><td width=20px></td></tr><tr height = 10px></tr><tr><td width=20px></td><td style='text-align:center'>B. Body B</td><td style='text-align:center'>D. Body D</td><td width=20px></td></tr><tr height = 20px></tr></table>  ,4,filler
78,1011,filler_bad,NA,NA,"Assuming that contestants could be expected to know the answer, how easy is it for you to imagine this as a <b>gameshow/quiz question</b>?",<table style='border: 1px solid black; border-collapse: collapse'><tr height = 20px></tr><tr><td width=20px></td><td colspan='2' style='text-align:center; vertical-align:middle'><b>Which of these accounts did Microsoft hire a new financial analyst in 2001 who had worked on with the CFO?</b></td><td width=20px></td></tr><tr height = 20px></tr><tr><td width=20px></td><td style='text-align:center'>A. Account A</td><td style='text-align:center'>C. Account C</td><td width=20px></td></tr><tr height = 10px></tr><tr><td width=20px></td><td style='text-align:center'>B. Account B</td><td style='text-align:center'>D. Account D</td><td width=20px></td></tr><tr height = 20px></tr></table>  ,4,filler
79,1012,filler_bad,NA,NA,"Assuming that contestants could be expected to know the answer, how easy is it for you to imagine this as a <b>gameshow/quiz question</b>?",<table style='border: 1px solid black; border-collapse: collapse'><tr height = 20px></tr><tr><td width=20px></td><td colspan='2' style='text-align:center; vertical-align:middle'><b>Which of these routes was Royal Caribbean sued in 2008 for recommending a tour that almost always used?</b></td><td width=20px></td></tr><tr height = 20px></tr><tr><td width=20px></td><td style='text-align:center'>A. Route A</td><td style='text-align:center'>C. Route C</td><td width=20px></td></tr><tr height = 10px></tr><tr><td width=20px></td><td style='text-align:center'>B. Route B</td><td style='text-align:center'>D. Route D</td><td width=20px></td></tr><tr height = 20px></tr></table>  ,4,filler
